Sr.No.,Season,RATemp,Top,MRT,RH,Air Velo,Given Final TSV,TSV_Predicted_raw,TSV_Predicted,TSV_Lower,TSV_Upper
1,Summer,25.94,26.07,26.2,36.55,0.28,0,0.0,-0.002178649237472767,-2.0,1.9956427015250546
2,Summer,25.84,26.17,26.5,36.31,0.26,0,0.0,-0.002178649237472767,-2.0,1.9956427015250546
3,Summer,25.84,25.77,25.7,36.52,0.26,0,0.0,-0.002178649237472767,-2.0,1.9956427015250546
4,Summer,25.88,26.59,27.3,36.14,0.28,0,0.0,-0.002178649237472767,-2.0,1.9956427015250546
5,Summer,26.19,26.795,27.4,36.85,0.28,0,0.0,-0.002178649237472767,-2.0,1.9956427015250546
6,Summer,26.21,26.355,26.5,36.18,0.26,0,0.0,-0.002178649237472767,-2.0,1.9956427015250546
7,Summer,26.31,26.755,27.2,36.52,0.28,0,1.0,0.9978213507625272,-1.0,2.9956427015250546
8,Summer,25.94,26.07,26.2,36.55,0.28,0,0.0,-0.002178649237472767,-2.0,1.9956427015250546
9,Summer,25.84,26.17,26.5,36.31,0.26,0,0.0,-0.002178649237472767,-2.0,1.9956427015250546
10,Summer,25.84,25.77,25.7,36.52,0.26,0,0.0,-0.002178649237472767,-2.0,1.9956427015250546
11,Summer,25.88,26.59,27.3,36.14,0.28,0,0.0,-0.002178649237472767,-2.0,1.9956427015250546
12,Summer,26.19,26.795,27.4,36.85,0.28,0,0.0,-0.002178649237472767,-2.0,1.9956427015250546
13,Summer,26.21,26.355,26.5,36.18,0.26,0,0.0,-0.002178649237472767,-2.0,1.9956427015250546
14,Summer,26.31,26.755,27.2,36.52,0.28,1,0.0,-0.002178649237472767,-2.0,1.9956427015250546
15,Summer,25.94,26.07,26.2,36.55,0.28,-1,-1.0,-1.0021786492374727,-3.0,0.9956427015250545
16,Summer,25.84,26.17,26.5,36.31,0.26,-1,0.0,-0.002178649237472767,-2.0,1.9956427015250546
17,Summer,25.84,25.77,25.7,36.52,0.26,0,-1.0,-1.0021786492374727,-3.0,0.9956427015250545
18,Summer,25.88,26.59,27.3,36.14,0.28,0,0.0,-0.002178649237472767,-2.0,1.9956427015250546
19,Summer,26.19,26.795,27.4,36.85,0.28,0,0.0,-0.002178649237472767,-2.0,1.9956427015250546
20,Summer,26.21,26.355,26.5,36.18,0.26,0,0.0,-0.002178649237472767,-2.0,1.9956427015250546
21,Summer,26.31,26.755,27.2,36.52,0.28,0,0.0,-0.002178649237472767,-2.0,1.9956427015250546
22,Summer,25.94,26.07,26.2,36.55,0.28,0,0.0,-0.002178649237472767,-2.0,1.9956427015250546
23,Summer,25.84,26.17,26.5,36.31,0.26,0,0.0,-0.002178649237472767,-2.0,1.9956427015250546
24,Summer,25.84,25.77,25.7,36.52,0.26,0,0.0,-0.002178649237472767,-2.0,1.9956427015250546
25,Summer,25.88,26.59,27.3,36.14,0.28,1,0.0,-0.002178649237472767,-2.0,1.9956427015250546
26,Summer,26.19,26.795,27.4,36.85,0.28,0,0.0,-0.002178649237472767,-2.0,1.9956427015250546
27,Summer,26.21,26.355,26.5,36.18,0.26,1,1.0,0.9978213507625272,-1.0,2.9956427015250546
28,Summer,26.31,26.755,27.2,36.52,0.28,1,1.0,0.9978213507625272,-1.0,2.9956427015250546
29,Summer,25.94,26.07,26.2,36.55,0.28,1,0.0,-0.002178649237472767,-2.0,1.9956427015250546
30,Summer,25.84,26.17,26.5,36.31,0.26,0,0.0,-0.002178649237472767,-2.0,1.9956427015250546
31,Summer,25.84,25.77,25.7,36.52,0.26,0,0.0,-0.002178649237472767,-2.0,1.9956427015250546
32,Summer,25.88,26.59,27.3,36.14,0.28,0,0.0,-0.002178649237472767,-2.0,1.9956427015250546
33,Summer,26.19,26.795,27.4,36.85,0.28,0,1.0,0.9978213507625272,-1.0,2.9956427015250546
34,Summer,26.21,26.355,26.5,36.18,0.26,0,0.0,-0.002178649237472767,-2.0,1.9956427015250546
35,Summer,26.31,26.755,27.2,36.52,0.28,0,0.0,-0.002178649237472767,-2.0,1.9956427015250546
36,Summer,25.94,26.07,26.2,36.55,0.28,0,0.0,-0.002178649237472767,-2.0,1.9956427015250546
37,Summer,25.84,26.17,26.5,36.31,0.26,0,0.0,-0.002178649237472767,-2.0,1.9956427015250546
38,Summer,25.84,25.77,25.7,36.52,0.26,0,0.0,-0.002178649237472767,-2.0,1.9956427015250546
39,Summer,25.88,26.59,27.3,36.14,0.28,0,1.0,0.9978213507625272,-1.0,2.9956427015250546
40,Summer,26.19,26.795,27.4,36.85,0.28,1,0.0,-0.002178649237472767,-2.0,1.9956427015250546
41,Summer,26.21,26.355,26.5,36.18,0.26,0,0.0,-0.002178649237472767,-2.0,1.9956427015250546
42,Summer,26.31,26.755,27.2,36.52,0.28,0,0.0,-0.002178649237472767,-2.0,1.9956427015250546
43,Summer,23.5,24.45,25.4,44.0,0.45,-2,-1.0,-1.0021786492374727,-3.0,0.9956427015250545
44,Summer,24.1,24.950000000000003,25.8,42.0,0.25,-1,0.0,-0.002178649237472767,-2.0,1.9956427015250546
45,Summer,24.6,25.5,26.4,45.0,0.35,0,0.0,-0.002178649237472767,-2.0,1.9956427015250546
46,Summer,24.9,25.15,25.4,47.0,0.11,0,0.0,-0.002178649237472767,-2.0,1.9956427015250546
47,Summer,25.3,25.15,25.0,48.0,0.35,0,0.0,-0.002178649237472767,-2.0,1.9956427015250546
48,Summer,25.9,26.1,26.3,49.0,0.15,0,0.0,-0.002178649237472767,-2.0,1.9956427015250546
49,Summer,25.4,25.299999999999997,25.2,46.0,0.2,0,0.0,-0.002178649237472767,-2.0,1.9956427015250546
50,Summer,23.5,24.45,25.4,44.0,0.45,-1,0.0,-0.002178649237472767,-2.0,1.9956427015250546
51,Summer,24.1,24.950000000000003,25.8,42.0,0.25,0,0.0,-0.002178649237472767,-2.0,1.9956427015250546
52,Summer,24.6,25.5,26.4,45.0,0.35,0,0.0,-0.002178649237472767,-2.0,1.9956427015250546
53,Summer,24.9,25.15,25.4,47.0,0.11,0,0.0,-0.002178649237472767,-2.0,1.9956427015250546
54,Summer,25.3,25.15,25.0,48.0,0.35,-1,0.0,-0.002178649237472767,-2.0,1.9956427015250546
55,Summer,25.9,26.1,26.3,49.0,0.15,0,0.0,-0.002178649237472767,-2.0,1.9956427015250546
56,Summer,25.4,25.299999999999997,25.2,46.0,0.2,0,0.0,-0.002178649237472767,-2.0,1.9956427015250546
57,Summer,23.5,24.45,25.4,44.0,0.45,0,-2.0,-2.002178649237473,-3.0,-0.004357298474945452
58,Summer,24.1,24.950000000000003,25.8,42.0,0.25,-1,0.0,-0.002178649237472767,-2.0,1.9956427015250546
59,Summer,24.6,25.5,26.4,45.0,0.35,-1,0.0,-0.002178649237472767,-2.0,1.9956427015250546
60,Summer,24.9,25.15,25.4,47.0,0.11,0,0.0,-0.002178649237472767,-2.0,1.9956427015250546
61,Summer,25.3,25.15,25.0,48.0,0.35,0,-1.0,-1.0021786492374727,-3.0,0.9956427015250545
62,Summer,25.9,26.1,26.3,49.0,0.15,0,0.0,-0.002178649237472767,-2.0,1.9956427015250546
63,Summer,25.4,25.299999999999997,25.2,46.0,0.2,0,0.0,-0.002178649237472767,-2.0,1.9956427015250546
64,Summer,23.5,24.45,25.4,44.0,0.45,-2,0.0,-0.002178649237472767,-2.0,1.9956427015250546
65,Summer,24.1,24.950000000000003,25.8,42.0,0.25,0,-2.0,-2.002178649237473,-3.0,-0.004357298474945452
66,Summer,24.6,25.5,26.4,45.0,0.35,0,-1.0,-1.0021786492374727,-3.0,0.9956427015250545
67,Summer,24.9,25.15,25.4,47.0,0.11,0,0.0,-0.002178649237472767,-2.0,1.9956427015250546
68,Summer,25.3,25.15,25.0,48.0,0.35,0,0.0,-0.002178649237472767,-2.0,1.9956427015250546
69,Summer,25.9,26.1,26.3,49.0,0.15,1,0.0,-0.002178649237472767,-2.0,1.9956427015250546
70,Summer,25.4,25.299999999999997,25.2,46.0,0.2,0,0.0,-0.002178649237472767,-2.0,1.9956427015250546
71,Summer,23.5,24.45,25.4,44.0,0.45,-1,0.0,-0.002178649237472767,-2.0,1.9956427015250546
72,Summer,24.1,24.950000000000003,25.8,42.0,0.25,0,-1.0,-1.0021786492374727,-3.0,0.9956427015250545
73,Summer,24.6,25.5,26.4,45.0,0.35,-1,1.0,0.9978213507625272,-1.0,2.9956427015250546
74,Summer,24.9,25.15,25.4,47.0,0.11,0,0.0,-0.002178649237472767,-2.0,1.9956427015250546
75,Summer,25.3,25.15,25.0,48.0,0.35,0,-1.0,-1.0021786492374727,-3.0,0.9956427015250545
76,Summer,25.9,26.1,26.3,49.0,0.15,0,0.0,-0.002178649237472767,-2.0,1.9956427015250546
77,Summer,25.4,25.299999999999997,25.2,46.0,0.2,0,0.0,-0.002178649237472767,-2.0,1.9956427015250546
78,Summer,23.5,24.45,25.4,44.0,0.45,1,0.0,-0.002178649237472767,-2.0,1.9956427015250546
79,Summer,24.1,24.950000000000003,25.8,42.0,0.25,0,0.0,-0.002178649237472767,-2.0,1.9956427015250546
80,Summer,24.6,25.5,26.4,45.0,0.35,1,-1.0,-1.0021786492374727,-3.0,0.9956427015250545
81,Summer,24.9,25.15,25.4,47.0,0.11,0,0.0,-0.002178649237472767,-2.0,1.9956427015250546
82,Summer,25.3,25.15,25.0,48.0,0.35,0,0.0,-0.002178649237472767,-2.0,1.9956427015250546
83,Summer,25.9,26.1,26.3,49.0,0.15,0,0.0,-0.002178649237472767,-2.0,1.9956427015250546
84,Summer,25.4,25.299999999999997,25.2,46.0,0.2,1,0.0,-0.002178649237472767,-2.0,1.9956427015250546
85,Summer,23.5,24.45,25.4,44.0,0.45,0,1.0,0.9978213507625272,-1.0,2.9956427015250546
86,Summer,24.1,24.950000000000003,25.8,42.0,0.25,0,0.0,-0.002178649237472767,-2.0,1.9956427015250546
87,Summer,24.6,25.5,26.4,45.0,0.35,1,1.0,0.9978213507625272,-1.0,2.9956427015250546
88,Summer,24.9,25.15,25.4,47.0,0.11,0,0.0,-0.002178649237472767,-2.0,1.9956427015250546
89,Summer,25.3,25.15,25.0,48.0,0.35,0,0.0,-0.002178649237472767,-2.0,1.9956427015250546
90,Summer,25.9,26.1,26.3,49.0,0.15,0,0.0,-0.002178649237472767,-2.0,1.9956427015250546
91,Summer,25.4,25.299999999999997,25.2,46.0,0.2,1,0.0,-0.002178649237472767,-2.0,1.9956427015250546
92,Summer,25.2,25.95,26.7,47.0,0.24,1,1.0,0.9978213507625272,-1.0,2.9956427015250546
93,Summer,28.4,28.799999999999997,29.2,32.0,0.68,1,0.0,-0.002178649237472767,-2.0,1.9956427015250546
94,Summer,28.2,29.15,30.1,36.0,0.65,0,0.0,-0.002178649237472767,-2.0,1.9956427015250546
95,Summer,28.1,28.75,29.4,36.0,0.62,0,0.0,-0.002178649237472767,-2.0,1.9956427015250546
96,Summer,28.0,28.3,28.6,35.0,0.45,1,0.0,-0.002178649237472767,-2.0,1.9956427015250546
97,Summer,27.9,27.45,27.0,34.0,0.41,0,0.0,-0.002178649237472767,-2.0,1.9956427015250546
98,Summer,28.2,27.85,27.5,35.0,0.42,0,0.0,-0.002178649237472767,-2.0,1.9956427015250546
99,Summer,28.5,28.95,29.4,36.0,0.45,0,1.0,0.9978213507625272,-1.0,2.9956427015250546
100,Summer,28.4,28.799999999999997,29.2,32.0,0.7,0,1.0,0.9978213507625272,-1.0,2.9956427015250546
101,Summer,28.2,29.15,30.1,36.0,0.65,0,0.0,-0.002178649237472767,-2.0,1.9956427015250546
102,Summer,28.1,28.75,29.4,36.0,0.62,0,0.0,-0.002178649237472767,-2.0,1.9956427015250546
103,Summer,28.0,28.3,28.6,35.0,0.45,1,0.0,-0.002178649237472767,-2.0,1.9956427015250546
104,Summer,27.9,27.45,27.0,34.0,0.41,0,0.0,-0.002178649237472767,-2.0,1.9956427015250546
105,Summer,28.2,27.85,27.5,35.0,0.42,0,0.0,-0.002178649237472767,-2.0,1.9956427015250546
106,Summer,28.5,28.95,29.4,36.0,0.45,0,1.0,0.9978213507625272,-1.0,2.9956427015250546
107,Summer,28.4,28.799999999999997,29.2,32.0,0.7,1,1.0,0.9978213507625272,-1.0,2.9956427015250546
108,Summer,28.2,29.15,30.1,36.0,0.65,0,0.0,-0.002178649237472767,-2.0,1.9956427015250546
109,Summer,28.1,28.75,29.4,36.0,0.62,0,0.0,-0.002178649237472767,-2.0,1.9956427015250546
110,Summer,28.0,28.3,28.6,35.0,0.45,0,1.0,0.9978213507625272,-1.0,2.9956427015250546
111,Summer,27.9,27.45,27.0,34.0,0.41,0,0.0,-0.002178649237472767,-2.0,1.9956427015250546
112,Summer,28.2,27.85,27.5,35.0,0.42,0,0.0,-0.002178649237472767,-2.0,1.9956427015250546
113,Summer,28.5,28.95,29.4,36.0,0.45,1,0.0,-0.002178649237472767,-2.0,1.9956427015250546
114,Summer,28.4,28.799999999999997,29.2,32.0,0.7,0,0.0,-0.002178649237472767,-2.0,1.9956427015250546
115,Summer,29.5,29.8,30.1,43.0,0.4,0,1.0,0.9978213507625272,-1.0,2.9956427015250546
116,Summer,29.6,29.5,29.4,41.0,0.35,0,0.0,-0.002178649237472767,-2.0,1.9956427015250546
117,Summer,29.8,30.3,30.8,39.0,0.42,2,0.0,-0.002178649237472767,-2.0,1.9956427015250546
118,Summer,29.9,28.95,30.0,40.0,0.25,0,0.0,-0.002178649237472767,-2.0,1.9956427015250546
119,Summer,30.1,30.85,31.6,39.0,0.3,0,0.0,-0.002178649237472767,-2.0,1.9956427015250546
120,Summer,30.2,30.4,30.6,43.0,0.31,0,0.0,-0.002178649237472767,-2.0,1.9956427015250546
121,Summer,29.5,29.8,30.1,41.0,0.4,1,0.0,-0.002178649237472767,-2.0,1.9956427015250546
122,Summer,29.6,29.5,29.4,39.0,0.35,0,0.0,-0.002178649237472767,-2.0,1.9956427015250546
123,Summer,29.8,30.3,30.8,40.0,0.42,0,2.0,1.9978213507625273,-8.196568423990414e-17,3.0
124,Summer,29.9,28.95,30.0,39.0,0.25,0,1.0,0.9978213507625272,-1.0,2.9956427015250546
125,Summer,30.1,30.85,31.6,39.0,0.3,0,0.0,-0.002178649237472767,-2.0,1.9956427015250546
126,Summer,30.2,30.4,30.6,41.0,0.31,1,0.0,-0.002178649237472767,-2.0,1.9956427015250546
127,Summer,29.5,29.8,30.1,41.0,0.4,0,2.0,1.9978213507625273,-8.196568423990414e-17,3.0
128,Summer,29.6,29.5,29.4,39.0,0.35,0,2.0,1.9978213507625273,-8.196568423990414e-17,3.0
129,Summer,29.8,30.3,30.8,40.0,0.42,2,1.0,0.9978213507625272,-1.0,2.9956427015250546
130,Summer,29.9,28.95,30.0,39.0,0.25,0,1.0,0.9978213507625272,-1.0,2.9956427015250546
131,Summer,30.1,30.85,31.6,39.0,0.3,1,0.0,-0.002178649237472767,-2.0,1.9956427015250546
132,Summer,30.2,30.4,30.6,41.0,0.31,0,1.0,0.9978213507625272,-1.0,2.9956427015250546
133,Summer,29.5,29.8,30.1,41.0,0.4,0,0.0,-0.002178649237472767,-2.0,1.9956427015250546
134,Summer,29.6,29.5,29.4,39.0,0.35,0,0.0,-0.002178649237472767,-2.0,1.9956427015250546
135,Summer,29.8,30.3,30.8,40.0,0.42,0,0.0,-0.002178649237472767,-2.0,1.9956427015250546
136,Summer,29.9,28.95,30.4,39.0,0.25,1,0.0,-0.002178649237472767,-2.0,1.9956427015250546
137,Summer,30.1,30.85,31.6,39.0,0.3,0,1.0,0.9978213507625272,-1.0,2.9956427015250546
138,Summer,30.2,30.4,30.6,41.0,0.31,0,0.0,-0.002178649237472767,-2.0,1.9956427015250546
139,Summer,30.2,30.4,30.6,41.0,0.31,0,0.0,-0.002178649237472767,-2.0,1.9956427015250546
140,Summer,29.5,28.95,28.4,44.0,0.75,0,1.0,0.9978213507625272,-1.0,2.9956427015250546
141,Summer,29.4,29.9,30.4,43.0,0.69,1,0.0,-0.002178649237472767,-2.0,1.9956427015250546
142,Summer,29.8,29.6,29.4,46.0,0.52,1,1.0,0.9978213507625272,-1.0,2.9956427015250546
143,Summer,30.0,30.6,31.2,43.0,0.48,0,0.0,-0.002178649237472767,-2.0,1.9956427015250546
144,Summer,29.5,28.95,28.4,46.0,0.25,1,1.0,0.9978213507625272,-1.0,2.9956427015250546
145,Summer,30.1,29.950000000000003,29.8,44.0,0.11,0,0.0,-0.002178649237472767,-2.0,1.9956427015250546
146,Summer,29.7,29.45,29.2,42.0,0.21,0,1.0,0.9978213507625272,-1.0,2.9956427015250546
147,Summer,29.5,28.95,28.4,44.0,0.75,0,0.0,-0.002178649237472767,-2.0,1.9956427015250546
148,Summer,29.4,29.9,30.4,43.0,0.69,0,1.0,0.9978213507625272,-1.0,2.9956427015250546
149,Summer,29.8,29.6,29.4,46.0,0.52,1,1.0,0.9978213507625272,-1.0,2.9956427015250546
150,Summer,30.0,30.6,31.2,43.0,0.48,0,1.0,0.9978213507625272,-1.0,2.9956427015250546
151,Summer,29.5,28.95,28.4,46.0,0.25,0,1.0,0.9978213507625272,-1.0,2.9956427015250546
152,Summer,30.1,29.950000000000003,29.8,44.0,0.11,0,0.0,-0.002178649237472767,-2.0,1.9956427015250546
153,Summer,29.7,29.45,29.2,42.0,0.21,1,0.0,-0.002178649237472767,-2.0,1.9956427015250546
154,Summer,29.5,28.95,28.4,44.0,0.75,0,0.0,-0.002178649237472767,-2.0,1.9956427015250546
155,Summer,29.4,29.9,30.4,43.0,0.69,0,0.0,-0.002178649237472767,-2.0,1.9956427015250546
156,Summer,29.8,29.6,29.4,46.0,0.52,0,1.0,0.9978213507625272,-1.0,2.9956427015250546
157,Summer,30.0,30.6,31.2,43.0,0.48,1,0.0,-0.002178649237472767,-2.0,1.9956427015250546
158,Summer,29.5,28.95,28.4,46.0,0.25,0,1.0,0.9978213507625272,-1.0,2.9956427015250546
159,Summer,30.1,29.950000000000003,29.8,44.0,0.11,2,0.0,-0.002178649237472767,-2.0,1.9956427015250546
160,Summer,29.7,29.45,29.2,42.0,0.21,0,1.0,0.9978213507625272,-1.0,2.9956427015250546
161,Summer,29.5,28.95,28.4,44.0,0.75,0,0.0,-0.002178649237472767,-2.0,1.9956427015250546
162,Summer,29.4,29.9,30.4,43.0,0.69,0,2.0,1.9978213507625273,-8.196568423990414e-17,3.0
163,Summer,29.8,29.6,29.4,46.0,0.52,1,0.0,-0.002178649237472767,-2.0,1.9956427015250546
164,Summer,30.0,30.6,31.2,43.0,0.48,0,1.0,0.9978213507625272,-1.0,2.9956427015250546
165,Summer,29.5,28.95,28.4,46.0,0.25,1,0.0,-0.002178649237472767,-2.0,1.9956427015250546
166,Summer,30.1,29.950000000000003,29.8,44.0,0.11,0,2.0,1.9978213507625273,-8.196568423990414e-17,3.0
167,Summer,29.7,29.45,29.2,42.0,0.21,0,0.0,-0.002178649237472767,-2.0,1.9956427015250546
168,Summer,29.5,28.95,28.4,44.0,0.75,0,0.0,-0.002178649237472767,-2.0,1.9956427015250546
169,Summer,29.4,29.9,30.4,43.0,0.69,0,1.0,0.9978213507625272,-1.0,2.9956427015250546
170,Summer,29.8,29.6,29.4,46.0,0.52,0,1.0,0.9978213507625272,-1.0,2.9956427015250546
171,Summer,30.0,30.6,31.2,43.0,0.48,1,0.0,-0.002178649237472767,-2.0,1.9956427015250546
172,Summer,29.5,28.95,28.4,46.0,0.25,0,1.0,0.9978213507625272,-1.0,2.9956427015250546
173,Summer,30.1,29.950000000000003,29.8,44.0,0.11,2,0.0,-0.002178649237472767,-2.0,1.9956427015250546
174,Summer,29.7,29.45,29.2,42.0,0.21,0,1.0,0.9978213507625272,-1.0,2.9956427015250546
175,Summer,29.5,28.95,28.4,44.0,0.75,0,0.0,-0.002178649237472767,-2.0,1.9956427015250546
176,Summer,29.4,29.9,30.4,43.0,0.69,1,0.0,-0.002178649237472767,-2.0,1.9956427015250546
177,Summer,29.8,29.6,29.4,46.0,0.52,0,1.0,0.9978213507625272,-1.0,2.9956427015250546
178,Summer,30.0,30.6,31.2,43.0,0.48,0,1.0,0.9978213507625272,-1.0,2.9956427015250546
179,Summer,29.5,28.95,28.4,46.0,0.25,0,0.0,-0.002178649237472767,-2.0,1.9956427015250546
180,Summer,30.1,29.950000000000003,29.8,44.0,0.11,0,2.0,1.9978213507625273,-8.196568423990414e-17,3.0
181,Summer,29.5,29.35,29.2,44.0,0.5,0,0.0,-0.002178649237472767,-2.0,1.9956427015250546
182,Summer,29.7,31.1,30.5,44.5,0.4,1,0.0,-0.002178649237472767,-2.0,1.9956427015250546
183,Summer,29.0,29.75,30.5,43.8,0.3,0,0.0,-0.002178649237472767,-2.0,1.9956427015250546
184,Summer,29.9,30.049999999999997,30.2,44.2,0.4,1,0.0,-0.002178649237472767,-2.0,1.9956427015250546
185,Summer,29.6,29.55,29.5,44.2,0.5,0,1.0,0.9978213507625272,-1.0,2.9956427015250546
186,Summer,30.2,31.35,30.5,41.5,0.5,1,0.0,-0.002178649237472767,-2.0,1.9956427015250546
187,Summer,30.2,31.35,30.5,41.6,0.4,0,1.0,0.9978213507625272,-1.0,2.9956427015250546
188,Summer,29.5,30.15,30.8,44.0,0.5,0,0.0,-0.002178649237472767,-2.0,1.9956427015250546
189,Summer,29.7,31.1,30.5,44.5,0.4,0,1.0,0.9978213507625272,-1.0,2.9956427015250546
190,Summer,29.0,29.75,30.5,43.8,0.3,0,0.0,-0.002178649237472767,-2.0,1.9956427015250546
191,Summer,29.9,30.049999999999997,30.2,44.2,0.4,0,0.0,-0.002178649237472767,-2.0,1.9956427015250546
192,Summer,29.6,29.55,29.5,44.2,0.5,1,0.0,-0.002178649237472767,-2.0,1.9956427015250546
193,Summer,30.2,31.35,31.5,41.5,0.5,0,0.0,-0.002178649237472767,-2.0,1.9956427015250546
194,Summer,30.2,31.35,31.5,41.6,0.4,0,0.0,-0.002178649237472767,-2.0,1.9956427015250546
195,Summer,29.5,30.15,30.8,44.0,0.5,0,0.0,-0.002178649237472767,-2.0,1.9956427015250546
196,Summer,29.7,31.1,31.5,44.5,0.4,0,1.0,0.9978213507625272,-1.0,2.9956427015250546
197,Summer,29.0,29.75,30.5,43.8,0.3,1,0.0,-0.002178649237472767,-2.0,1.9956427015250546
198,Summer,29.9,30.049999999999997,30.2,44.2,0.4,0,0.0,-0.002178649237472767,-2.0,1.9956427015250546
199,Summer,29.6,29.55,29.5,44.2,0.5,1,1.0,0.9978213507625272,-1.0,2.9956427015250546
200,Summer,30.2,31.35,31.2,41.5,0.5,0,0.0,-0.002178649237472767,-2.0,1.9956427015250546
201,Summer,30.2,31.35,31.0,41.6,0.4,0,0.0,-0.002178649237472767,-2.0,1.9956427015250546
202,Summer,29.9,30.35,30.8,44.2,0.4,0,0.0,-0.002178649237472767,-2.0,1.9956427015250546
203,Summer,30.2,30.0,29.8,41.5,0.5,0,0.0,-0.002178649237472767,-2.0,1.9956427015250546
204,Summer,30.8,31.1,31.4,40.0,0.5,0,0.0,-0.002178649237472767,-2.0,1.9956427015250546
205,Summer,30.7,30.6,30.5,42.0,0.7,1,0.0,-0.002178649237472767,-2.0,1.9956427015250546
206,Summer,30.5,30.95,31.4,42.0,0.75,0,1.0,0.9978213507625272,-1.0,2.9956427015250546
207,Summer,30.7,30.45,30.2,44.0,0.9,2,1.0,0.9978213507625272,-1.0,2.9956427015250546
208,Summer,30.6,30.9,31.2,45.0,1.2,0,1.0,0.9978213507625272,-1.0,2.9956427015250546
209,Summer,31.2,32.35,31.5,44.8,1.1,2,0.0,-0.002178649237472767,-2.0,1.9956427015250546
210,Summer,31.2,32.35,31.5,45.0,0.98,2,0.0,-0.002178649237472767,-2.0,1.9956427015250546
211,Summer,31.4,31.9,32.4,45.0,0.87,2,0.0,-0.002178649237472767,-2.0,1.9956427015250546
212,Summer,30.8,31.1,31.4,40.0,0.5,0,0.0,-0.002178649237472767,-2.0,1.9956427015250546
213,Summer,30.7,30.6,30.5,42.0,0.7,0,0.0,-0.002178649237472767,-2.0,1.9956427015250546
214,Summer,30.5,30.95,31.4,42.0,0.75,0,0.0,-0.002178649237472767,-2.0,1.9956427015250546
215,Summer,30.7,30.45,30.2,44.0,0.9,0,0.0,-0.002178649237472767,-2.0,1.9956427015250546
216,Summer,30.6,30.9,31.2,45.0,1.2,1,1.0,0.9978213507625272,-1.0,2.9956427015250546
217,Summer,31.2,32.35,32.5,44.8,1.1,0,2.0,1.9978213507625273,-8.196568423990414e-17,3.0
218,Summer,31.2,32.35,32.5,45.0,0.98,0,2.0,1.9978213507625273,-8.196568423990414e-17,3.0
219,Summer,31.4,31.9,32.4,45.0,0.87,2,0.0,-0.002178649237472767,-2.0,1.9956427015250546
220,Summer,30.8,31.1,31.4,40.0,0.5,0,0.0,-0.002178649237472767,-2.0,1.9956427015250546
221,Summer,30.7,30.6,30.5,42.0,0.7,0,0.0,-0.002178649237472767,-2.0,1.9956427015250546
222,Summer,30.5,30.95,31.4,42.0,0.75,0,0.0,-0.002178649237472767,-2.0,1.9956427015250546
223,Summer,30.7,30.45,30.2,44.0,0.9,0,0.0,-0.002178649237472767,-2.0,1.9956427015250546
224,Summer,30.6,30.9,31.2,45.0,1.2,1,1.0,0.9978213507625272,-1.0,2.9956427015250546
225,Summer,31.2,32.35,32.5,44.8,1.1,2,0.0,-0.002178649237472767,-2.0,1.9956427015250546
226,Summer,31.2,32.35,32.7,45.0,0.98,0,0.0,-0.002178649237472767,-2.0,1.9956427015250546
227,Summer,31.4,31.9,32.4,45.0,0.87,0,2.0,1.9978213507625273,-8.196568423990414e-17,3.0
228,Summer,30.8,31.1,31.4,40.0,0.5,0,0.0,-0.002178649237472767,-2.0,1.9956427015250546
229,Summer,30.7,30.6,30.5,42.0,0.7,0,0.0,-0.002178649237472767,-2.0,1.9956427015250546
230,Summer,30.5,30.95,31.4,42.0,0.75,0,0.0,-0.002178649237472767,-2.0,1.9956427015250546
231,Summer,30.7,30.45,30.2,44.0,0.9,0,0.0,-0.002178649237472767,-2.0,1.9956427015250546
232,Summer,30.6,30.9,31.2,45.0,1.2,0,1.0,0.9978213507625272,-1.0,2.9956427015250546
233,Summer,31.2,32.35,32.5,44.8,1.1,2,0.0,-0.002178649237472767,-2.0,1.9956427015250546
234,Summer,34.2,33.85,33.5,38.0,0.94,2,0.0,-0.002178649237472767,-2.0,1.9956427015250546
235,Summer,32.5,32.45,32.4,39.0,0.52,2,2.0,1.9978213507625273,-8.196568423990414e-17,3.0
236,Summer,33.8,34.7,35.6,37.0,0.58,1,1.0,0.9978213507625272,-1.0,2.9956427015250546
237,Summer,33.6,33.5,33.4,39.0,0.7,0,1.0,0.9978213507625272,-1.0,2.9956427015250546
238,Summer,33.8,32.95,32.1,41.0,0.9,2,1.0,0.9978213507625272,-1.0,2.9956427015250546
239,Summer,33.4,33.099999999999994,32.8,40.0,0.92,0,0.0,-0.002178649237472767,-2.0,1.9956427015250546
240,Summer,34.2,34.8,35.4,38.0,0.94,0,0.0,-0.002178649237472767,-2.0,1.9956427015250546
241,Summer,34.2,34.8,35.4,39.0,0.52,1,0.0,-0.002178649237472767,-2.0,1.9956427015250546
242,Summer,32.5,31.95,31.4,37.0,0.58,0,1.0,0.9978213507625272,-1.0,2.9956427015250546
243,Summer,33.8,34.7,35.6,39.0,0.7,1,1.0,0.9978213507625272,-1.0,2.9956427015250546
244,Summer,33.6,33.5,33.4,41.0,0.9,2,0.0,-0.002178649237472767,-2.0,1.9956427015250546
245,Summer,33.8,32.95,32.1,40.0,0.92,0,2.0,1.9978213507625273,-8.196568423990414e-17,3.0
246,Summer,33.4,33.099999999999994,32.8,38.0,0.94,2,2.0,1.9978213507625273,-8.196568423990414e-17,3.0
247,Summer,34.2,34.8,35.4,39.0,0.52,0,0.0,-0.002178649237472767,-2.0,1.9956427015250546
248,Summer,34.2,34.8,35.4,37.0,0.58,0,1.0,0.9978213507625272,-1.0,2.9956427015250546
249,Summer,32.5,31.95,31.4,39.0,0.7,0,0.0,-0.002178649237472767,-2.0,1.9956427015250546
250,Summer,33.8,34.7,35.6,41.0,0.9,1,2.0,1.9978213507625273,-8.196568423990414e-17,3.0
251,Summer,33.6,33.5,33.4,40.0,0.92,0,0.0,-0.002178649237472767,-2.0,1.9956427015250546
252,Summer,33.8,32.95,32.1,38.0,0.94,2,0.0,-0.002178649237472767,-2.0,1.9956427015250546
253,Summer,33.4,33.099999999999994,32.8,39.0,0.52,0,0.0,-0.002178649237472767,-2.0,1.9956427015250546
254,Summer,34.2,34.8,35.4,37.0,0.58,1,0.0,-0.002178649237472767,-2.0,1.9956427015250546
255,Summer,34.2,34.8,35.4,39.0,0.7,0,1.0,0.9978213507625272,-1.0,2.9956427015250546
256,Summer,32.5,31.95,31.4,41.0,0.9,0,1.0,0.9978213507625272,-1.0,2.9956427015250546
257,Summer,33.8,34.7,35.6,40.0,0.92,0,0.0,-0.002178649237472767,-2.0,1.9956427015250546
258,Summer,33.6,33.5,33.4,38.0,0.94,0,2.0,1.9978213507625273,-8.196568423990414e-17,3.0
259,Summer,33.8,32.95,32.1,39.0,0.52,2,3.0,2.997821350762527,0.9999999999999999,3.0
260,Summer,33.4,33.099999999999994,32.8,37.0,0.58,0,1.0,0.9978213507625272,-1.0,2.9956427015250546
261,Summer,34.2,34.8,35.4,39.0,0.7,1,0.0,-0.002178649237472767,-2.0,1.9956427015250546
262,Summer,34.2,34.8,35.4,41.0,0.9,0,1.0,0.9978213507625272,-1.0,2.9956427015250546
263,Summer,32.5,31.95,31.4,40.0,0.92,2,1.0,0.9978213507625272,-1.0,2.9956427015250546
264,Summer,33.8,34.7,35.6,38.0,0.94,2,2.0,1.9978213507625273,-8.196568423990414e-17,3.0
265,Summer,33.6,33.5,33.4,39.0,0.52,0,0.0,-0.002178649237472767,-2.0,1.9956427015250546
266,Summer,33.8,32.95,32.1,37.0,0.58,0,0.0,-0.002178649237472767,-2.0,1.9956427015250546
267,Summer,33.4,33.099999999999994,32.8,39.0,0.7,2,2.0,1.9978213507625273,-8.196568423990414e-17,3.0
268,Summer,34.2,34.8,35.4,41.0,0.9,2,0.0,-0.002178649237472767,-2.0,1.9956427015250546
269,Summer,34.2,34.8,35.4,40.0,0.92,0,2.0,1.9978213507625273,-8.196568423990414e-17,3.0
270,Summer,32.5,31.95,31.4,38.0,0.94,0,2.0,1.9978213507625273,-8.196568423990414e-17,3.0
271,Summer,33.8,34.7,35.6,39.0,0.52,0,0.0,-0.002178649237472767,-2.0,1.9956427015250546
272,Summer,33.6,33.5,33.4,37.0,0.58,0,0.0,-0.002178649237472767,-2.0,1.9956427015250546
273,Summer,33.8,32.95,32.1,39.0,0.7,2,2.0,1.9978213507625273,-8.196568423990414e-17,3.0
274,Summer,33.4,33.099999999999994,32.8,41.0,0.9,2,2.0,1.9978213507625273,-8.196568423990414e-17,3.0
275,Summer,34.2,34.8,35.4,40.0,0.92,1,2.0,1.9978213507625273,-8.196568423990414e-17,3.0
276,Summer,34.2,34.8,35.4,38.0,0.94,0,2.0,1.9978213507625273,-8.196568423990414e-17,3.0
277,Summer,32.5,31.95,31.4,39.0,0.52,2,2.0,1.9978213507625273,-8.196568423990414e-17,3.0
278,Summer,33.8,34.7,35.6,37.0,0.58,0,0.0,-0.002178649237472767,-2.0,1.9956427015250546
279,Summer,33.6,33.5,33.4,39.0,0.7,0,2.0,1.9978213507625273,-8.196568423990414e-17,3.0
280,Summer,33.8,32.95,32.1,41.0,0.9,0,2.0,1.9978213507625273,-8.196568423990414e-17,3.0
281,Summer,33.4,33.099999999999994,32.8,40.0,0.92,2,1.0,0.9978213507625272,-1.0,2.9956427015250546
282,Summer,34.2,34.8,35.4,39.0,0.9,2,2.0,1.9978213507625273,-8.196568423990414e-17,3.0
283,Summer,29.8,29.25,28.7,42.0,0.9,0,0.0,-0.002178649237472767,-2.0,1.9956427015250546
284,Summer,29.9,29.15,28.4,35.0,0.88,1,0.0,-0.002178649237472767,-2.0,1.9956427015250546
285,Summer,30.4,29.95,29.5,45.0,0.79,2,2.0,1.9978213507625273,-8.196568423990414e-17,3.0
286,Summer,30.7,31.049999999999997,31.4,42.0,0.68,0,0.0,-0.002178649237472767,-2.0,1.9956427015250546
287,Summer,31.5,31.95,32.4,40.0,1.1,0,2.0,1.9978213507625273,-8.196568423990414e-17,3.0
288,Summer,29.8,30.0,30.2,41.0,1.0,0,1.0,0.9978213507625272,-1.0,2.9956427015250546
289,Summer,30.2,30.0,29.8,42.0,0.95,1,0.0,-0.002178649237472767,-2.0,1.9956427015250546
290,Summer,30.4,30.1,29.8,39.0,0.8,2,0.0,-0.002178649237472767,-2.0,1.9956427015250546
291,Summer,29.8,29.25,28.7,42.0,0.9,0,0.0,-0.002178649237472767,-2.0,1.9956427015250546
292,Summer,29.9,29.15,28.4,35.0,0.88,1,0.0,-0.002178649237472767,-2.0,1.9956427015250546
293,Summer,30.4,29.95,29.5,45.0,0.79,2,2.0,1.9978213507625273,-8.196568423990414e-17,3.0
294,Summer,30.7,31.049999999999997,31.4,42.0,0.68,0,0.0,-0.002178649237472767,-2.0,1.9956427015250546
295,Summer,31.5,31.95,32.4,40.0,1.1,0,2.0,1.9978213507625273,-8.196568423990414e-17,3.0
296,Summer,29.8,30.0,30.2,41.0,1.0,0,0.0,-0.002178649237472767,-2.0,1.9956427015250546
297,Summer,30.2,30.0,29.8,42.0,0.95,0,0.0,-0.002178649237472767,-2.0,1.9956427015250546
298,Summer,30.4,30.1,29.8,39.0,0.8,0,0.0,-0.002178649237472767,-2.0,1.9956427015250546
299,Summer,29.8,29.25,28.7,42.0,0.9,1,1.0,0.9978213507625272,-1.0,2.9956427015250546
300,Summer,29.9,29.15,28.4,35.0,0.88,0,1.0,0.9978213507625272,-1.0,2.9956427015250546
301,Summer,30.4,29.95,29.5,45.0,0.79,2,0.0,-0.002178649237472767,-2.0,1.9956427015250546
302,Summer,30.7,31.049999999999997,31.4,42.0,0.68,0,0.0,-0.002178649237472767,-2.0,1.9956427015250546
303,Summer,31.5,31.95,32.4,40.0,1.1,2,0.0,-0.002178649237472767,-2.0,1.9956427015250546
304,Summer,29.8,30.0,30.2,41.0,1.0,0,0.0,-0.002178649237472767,-2.0,1.9956427015250546
305,Summer,30.2,30.0,29.8,42.0,0.95,0,0.0,-0.002178649237472767,-2.0,1.9956427015250546
306,Summer,30.4,30.1,29.8,39.0,0.8,0,0.0,-0.002178649237472767,-2.0,1.9956427015250546
307,Summer,29.8,29.25,28.7,42.0,0.9,1,1.0,0.9978213507625272,-1.0,2.9956427015250546
308,Summer,29.9,29.15,28.4,35.0,0.88,1,0.0,-0.002178649237472767,-2.0,1.9956427015250546
309,Summer,30.4,29.95,29.5,45.0,0.79,0,2.0,1.9978213507625273,-8.196568423990414e-17,3.0
310,Summer,30.7,31.049999999999997,31.4,42.0,0.68,0,0.0,-0.002178649237472767,-2.0,1.9956427015250546
311,Summer,31.5,31.95,32.4,40.0,1.1,0,2.0,1.9978213507625273,-8.196568423990414e-17,3.0
312,Summer,29.8,30.0,30.2,41.0,1.0,1,0.0,-0.002178649237472767,-2.0,1.9956427015250546
313,Summer,30.2,30.0,29.8,42.0,0.95,1,0.0,-0.002178649237472767,-2.0,1.9956427015250546
314,Summer,30.4,30.1,29.8,39.0,0.8,0,0.0,-0.002178649237472767,-2.0,1.9956427015250546
315,Summer,32.8,33.45,34.1,42.0,0.87,2,2.0,1.9978213507625273,-8.196568423990414e-17,3.0
316,Summer,29.8,30.25,30.7,35.0,0.92,1,0.0,-0.002178649237472767,-2.0,1.9956427015250546
317,Summer,30.4,31.25,32.1,39.0,0.8,1,0.0,-0.002178649237472767,-2.0,1.9956427015250546
318,Summer,28.5,29.5,29.5,41.0,0.71,0,0.0,-0.002178649237472767,-2.0,1.9956427015250546
319,Summer,28.8,29.3,29.8,42.0,0.5,0,0.0,-0.002178649237472767,-2.0,1.9956427015250546
320,Summer,28.8,29.3,29.8,39.0,0.8,1,0.0,-0.002178649237472767,-2.0,1.9956427015250546
321,Summer,29.2,30.049999999999997,30.9,40.0,0.71,1,1.0,0.9978213507625272,-1.0,2.9956427015250546
322,Summer,29.1,29.65,30.2,36.0,1.1,0,0.0,-0.002178649237472767,-2.0,1.9956427015250546
323,Summer,29.2,29.7,30.2,38.0,1.2,1,1.0,0.9978213507625272,-1.0,2.9956427015250546
324,Summer,29.4,30.299999999999997,31.2,38.0,0.9,2,0.0,-0.002178649237472767,-2.0,1.9956427015250546
325,Summer,29.3,30.25,31.2,36.0,0.85,0,0.0,-0.002178649237472767,-2.0,1.9956427015250546
326,Summer,32.5,31.5,33.5,41.0,0.71,1,0.0,-0.002178649237472767,-2.0,1.9956427015250546
327,Summer,32.8,31.299999999999997,33.8,42.0,0.5,0,2.0,1.9978213507625273,-8.196568423990414e-17,3.0
328,Summer,32.8,31.299999999999997,33.8,39.0,0.8,2,2.0,1.9978213507625273,-8.196568423990414e-17,3.0
329,Summer,33.2,32.05,33.9,40.0,0.71,1,1.0,0.9978213507625272,-1.0,2.9956427015250546
330,Summer,33.1,31.65,33.2,36.0,1.1,0,0.0,-0.002178649237472767,-2.0,1.9956427015250546
331,Summer,33.2,31.700000000000003,33.2,38.0,1.2,2,0.0,-0.002178649237472767,-2.0,1.9956427015250546
332,Summer,33.3,32.25,32.5,38.0,0.9,0,2.0,1.9978213507625273,-8.196568423990414e-17,3.0
333,Summer,33.3,32.25,32.7,36.0,0.85,0,2.0,1.9978213507625273,-8.196568423990414e-17,3.0
334,Summer,32.5,31.5,33.5,41.0,0.71,0,1.0,0.9978213507625272,-1.0,2.9956427015250546
335,Summer,32.8,31.299999999999997,33.4,42.0,0.5,2,0.0,-0.002178649237472767,-2.0,1.9956427015250546
336,Summer,32.8,31.299999999999997,33.4,39.0,0.8,2,2.0,1.9978213507625273,-8.196568423990414e-17,3.0
337,Summer,33.2,32.05,33.9,40.0,0.71,1,1.0,0.9978213507625272,-1.0,2.9956427015250546
338,Summer,33.1,31.65,33.4,36.0,1.1,0,0.0,-0.002178649237472767,-2.0,1.9956427015250546
339,Summer,33.2,31.700000000000003,34.1,38.0,1.2,2,1.0,0.9978213507625272,-1.0,2.9956427015250546
340,Summer,33.3,32.25,34.2,38.0,0.9,0,0.0,-0.002178649237472767,-2.0,1.9956427015250546
341,Summer,33.3,32.25,34.1,36.0,0.85,1,0.0,-0.002178649237472767,-2.0,1.9956427015250546
342,Summer,32.5,31.5,33.5,41.0,0.71,0,0.0,-0.002178649237472767,-2.0,1.9956427015250546
343,Summer,32.8,31.299999999999997,33.8,42.0,0.5,2,2.0,1.9978213507625273,-8.196568423990414e-17,3.0
344,Summer,32.8,31.299999999999997,33.7,39.0,0.8,2,2.0,1.9978213507625273,-8.196568423990414e-17,3.0
345,Summer,33.2,32.05,33.9,40.0,0.71,0,1.0,0.9978213507625272,-1.0,2.9956427015250546
346,Summer,33.1,31.65,33.9,36.0,1.1,2,2.0,1.9978213507625273,-8.196568423990414e-17,3.0
347,Summer,33.2,31.700000000000003,33.8,38.0,1.2,0,1.0,0.9978213507625272,-1.0,2.9956427015250546
348,Summer,33.3,32.25,34.1,38.0,0.9,1,0.0,-0.002178649237472767,-2.0,1.9956427015250546
349,Summer,33.3,32.25,34.1,36.0,0.85,2,2.0,1.9978213507625273,-8.196568423990414e-17,3.0
350,Summer,32.5,31.5,33.5,41.0,0.71,0,0.0,-0.002178649237472767,-2.0,1.9956427015250546
351,Summer,32.8,31.299999999999997,33.8,42.0,0.5,2,2.0,1.9978213507625273,-8.196568423990414e-17,3.0
352,Summer,32.8,31.299999999999997,33.8,39.0,0.8,2,2.0,1.9978213507625273,-8.196568423990414e-17,3.0
353,Summer,33.2,32.05,34.1,40.0,0.71,2,0.0,-0.002178649237472767,-2.0,1.9956427015250546
354,Summer,33.1,31.65,34.1,36.0,1.1,2,2.0,1.9978213507625273,-8.196568423990414e-17,3.0
355,Summer,33.2,31.700000000000003,34.2,38.0,1.2,0,2.0,1.9978213507625273,-8.196568423990414e-17,3.0
356,Summer,33.3,32.25,33.2,38.0,0.9,0,2.0,1.9978213507625273,-8.196568423990414e-17,3.0
357,Summer,37.35,37.775000000000006,38.2,43.5,0.6,0,3.0,2.997821350762527,0.9999999999999999,3.0
358,Summer,37.1,38.3,38.2,41.2,0.7,3,3.0,2.997821350762527,0.9999999999999999,3.0
359,Summer,37.1,37.35,37.6,39.5,0.7,2,2.0,1.9978213507625273,-8.196568423990414e-17,3.0
360,Summer,37.4,37.5,37.6,41.6,0.45,2,0.0,-0.002178649237472767,-2.0,1.9956427015250546
361,Summer,37.6,38.0,38.4,41.5,0.5,3,0.0,-0.002178649237472767,-2.0,1.9956427015250546
362,Summer,38.1,38.2,38.3,40.6,0.52,2,3.0,2.997821350762527,0.9999999999999999,3.0
363,Summer,37.35,37.775000000000006,38.2,39.5,0.41,2,0.0,-0.002178649237472767,-2.0,1.9956427015250546
364,Summer,37.1,38.650000000000006,38.7,39.8,0.3,2,2.0,1.9978213507625273,-8.196568423990414e-17,3.0
365,Summer,37.1,38.3,38.5,39.4,0.36,2,2.0,1.9978213507625273,-8.196568423990414e-17,3.0
366,Summer,37.4,37.5,37.6,39.7,0.41,0,0.0,-0.002178649237472767,-2.0,1.9956427015250546
367,Summer,37.6,37.6,37.6,40.4,0.65,2,3.0,2.997821350762527,0.9999999999999999,3.0
368,Summer,38.1,38.25,38.4,40.1,0.62,2,2.0,1.9978213507625273,-8.196568423990414e-17,3.0
369,Summer,37.35,37.825,38.3,43.5,0.6,3,0.0,-0.002178649237472767,-2.0,1.9956427015250546
370,Summer,37.1,37.650000000000006,38.2,41.2,0.7,3,2.0,1.9978213507625273,-8.196568423990414e-17,3.0
371,Summer,37.1,38.650000000000006,38.2,39.5,0.7,2,2.0,1.9978213507625273,-8.196568423990414e-17,3.0
372,Summer,37.4,38.45,38.5,41.6,0.45,3,3.0,2.997821350762527,0.9999999999999999,3.0
373,Summer,37.6,37.6,37.6,41.5,0.5,0,0.0,-0.002178649237472767,-2.0,1.9956427015250546
374,Summer,38.1,39.25,37.6,40.6,0.52,3,0.0,-0.002178649237472767,-2.0,1.9956427015250546
375,Summer,30.65,34.525,30.4,45.0,0.7,2,2.0,1.9978213507625273,-8.196568423990414e-17,3.0
376,Summer,30.9,34.599999999999994,31.3,44.0,0.7,2,2.0,1.9978213507625273,-8.196568423990414e-17,3.0
377,Summer,30.3,34.25,31.2,43.0,0.5,2,0.0,-0.002178649237472767,-2.0,1.9956427015250546
378,Summer,31.1,33.150000000000006,32.2,44.0,0.6,1,2.0,1.9978213507625273,-8.196568423990414e-17,3.0
379,Summer,31.2,33.0,32.8,44.0,0.7,2,0.0,-0.002178649237472767,-2.0,1.9956427015250546
380,Summer,31.2,32.9,32.6,44.0,0.68,0,0.0,-0.002178649237472767,-2.0,1.9956427015250546
381,Summer,30.65,31.575,32.5,45.0,0.7,0,0.0,-0.002178649237472767,-2.0,1.9956427015250546
382,Summer,30.9,31.299999999999997,31.7,44.0,0.7,2,2.0,1.9978213507625273,-8.196568423990414e-17,3.0
383,Summer,30.3,31.950000000000003,30.6,43.0,0.5,2,2.0,1.9978213507625273,-8.196568423990414e-17,3.0
384,Summer,31.1,33.150000000000006,32.2,44.0,0.6,0,1.0,0.9978213507625272,-1.0,2.9956427015250546
385,Summer,31.2,33.0,32.8,44.0,0.7,0,2.0,1.9978213507625273,-8.196568423990414e-17,3.0
386,Summer,31.2,32.9,32.6,44.0,0.68,0,0.0,-0.002178649237472767,-2.0,1.9956427015250546
387,Summer,30.65,31.575,32.5,45.0,0.7,0,0.0,-0.002178649237472767,-2.0,1.9956427015250546
388,Summer,30.9,31.299999999999997,31.7,44.0,0.7,2,2.0,1.9978213507625273,-8.196568423990414e-17,3.0
389,Summer,30.3,31.950000000000003,31.6,43.0,0.5,0,2.0,1.9978213507625273,-8.196568423990414e-17,3.0
390,Summer,31.1,33.150000000000006,32.2,44.0,0.6,1,0.0,-0.002178649237472767,-2.0,1.9956427015250546
391,Summer,31.2,33.0,32.8,44.0,0.7,2,0.0,-0.002178649237472767,-2.0,1.9956427015250546
392,Summer,31.2,32.9,32.4,44.0,0.68,0,2.0,1.9978213507625273,-8.196568423990414e-17,3.0
393,Summer,30.65,31.575,32.5,45.0,0.7,1,0.0,-0.002178649237472767,-2.0,1.9956427015250546
394,Summer,30.9,31.299999999999997,31.7,44.0,0.7,0,2.0,1.9978213507625273,-8.196568423990414e-17,3.0
395,Summer,30.3,31.950000000000003,30.6,43.0,0.5,2,2.0,1.9978213507625273,-8.196568423990414e-17,3.0
396,Summer,31.1,33.150000000000006,30.2,44.0,0.6,2,2.0,1.9978213507625273,-8.196568423990414e-17,3.0
397,Summer,31.2,33.0,31.8,44.0,0.7,2,2.0,1.9978213507625273,-8.196568423990414e-17,3.0
398,Summer,32.2,33.1,33.1,39.7,0.56,2,2.0,1.9978213507625273,-8.196568423990414e-17,3.0
399,Summer,32.2,33.1,33.95,39.8,0.75,2,2.0,1.9978213507625273,-8.196568423990414e-17,3.0
400,Summer,32.4,33.099999999999994,33.8,39.5,0.68,0,2.0,1.9978213507625273,-8.196568423990414e-17,3.0
401,Summer,32.5,33.175,33.85,36.3,0.71,2,2.0,1.9978213507625273,-8.196568423990414e-17,3.0
402,Summer,32.0,32.35,32.7,38.5,0.68,2,0.0,-0.002178649237472767,-2.0,1.9956427015250546
403,Summer,32.4,32.7,33.0,38.8,0.65,0,2.0,1.9978213507625273,-8.196568423990414e-17,3.0
404,Summer,31.6,33.1,32.2,39.7,0.56,2,3.0,2.997821350762527,0.9999999999999999,3.0
405,Summer,32.2,33.1,33.1,39.8,0.75,2,2.0,1.9978213507625273,-8.196568423990414e-17,3.0
406,Summer,32.4,33.099999999999994,33.8,39.5,0.68,2,0.0,-0.002178649237472767,-2.0,1.9956427015250546
407,Summer,32.5,33.175,33.85,36.3,0.71,2,2.0,1.9978213507625273,-8.196568423990414e-17,3.0
408,Summer,32.0,32.35,32.7,38.5,0.68,0,2.0,1.9978213507625273,-8.196568423990414e-17,3.0
409,Summer,32.4,32.7,33.0,38.8,0.65,2,0.0,-0.002178649237472767,-2.0,1.9956427015250546
410,Summer,31.6,33.1,32.4,39.7,0.56,0,2.0,1.9978213507625273,-8.196568423990414e-17,3.0
411,Summer,32.2,33.1,33.95,39.8,0.75,2,2.0,1.9978213507625273,-8.196568423990414e-17,3.0
412,Summer,32.4,33.099999999999994,33.8,39.5,0.68,2,2.0,1.9978213507625273,-8.196568423990414e-17,3.0
413,Summer,32.5,33.175,33.85,36.3,0.71,0,0.0,-0.002178649237472767,-2.0,1.9956427015250546
414,Summer,32.0,32.35,32.7,38.5,0.68,2,0.0,-0.002178649237472767,-2.0,1.9956427015250546
415,Summer,32.4,32.7,33.0,38.8,0.65,3,2.0,1.9978213507625273,-8.196568423990414e-17,3.0
416,Summer,31.6,33.1,32.6,39.7,0.56,2,0.0,-0.002178649237472767,-2.0,1.9956427015250546
417,Summer,32.2,33.1,33.3,39.8,0.75,2,2.0,1.9978213507625273,-8.196568423990414e-17,3.0
418,Summer,32.4,33.099999999999994,33.8,39.5,0.68,2,2.0,1.9978213507625273,-8.196568423990414e-17,3.0
419,Summer,32.5,33.175,33.85,36.3,0.71,0,2.0,1.9978213507625273,-8.196568423990414e-17,3.0
420,Summer,32.0,32.35,32.7,38.5,0.68,2,2.0,1.9978213507625273,-8.196568423990414e-17,3.0
421,Summer,32.4,32.7,33.0,38.8,0.65,2,3.0,2.997821350762527,0.9999999999999999,3.0
422,Summer,31.6,33.1,32.4,39.7,0.56,2,0.0,-0.002178649237472767,-2.0,1.9956427015250546
423,Summer,32.2,33.1,33.95,39.8,0.75,2,2.0,1.9978213507625273,-8.196568423990414e-17,3.0
424,Summer,32.4,33.099999999999994,33.8,39.5,0.68,2,2.0,1.9978213507625273,-8.196568423990414e-17,3.0
425,Summer,32.5,33.175,33.85,36.3,0.71,0,2.0,1.9978213507625273,-8.196568423990414e-17,3.0
426,Summer,32.0,32.35,32.7,38.5,0.68,2,2.0,1.9978213507625273,-8.196568423990414e-17,3.0
427,Summer,32.4,32.7,33.0,38.8,0.65,3,2.0,1.9978213507625273,-8.196568423990414e-17,3.0
428,Summer,31.6,33.1,32.2,39.7,0.56,3,2.0,1.9978213507625273,-8.196568423990414e-17,3.0
429,Summer,32.2,33.1,33.1,39.8,0.75,2,0.0,-0.002178649237472767,-2.0,1.9956427015250546
430,Summer,32.4,33.099999999999994,33.8,39.5,0.68,0,2.0,1.9978213507625273,-8.196568423990414e-17,3.0
431,Summer,32.5,33.175,33.85,36.3,0.71,2,0.0,-0.002178649237472767,-2.0,1.9956427015250546
432,Summer,32.0,32.35,32.7,38.5,0.68,2,0.0,-0.002178649237472767,-2.0,1.9956427015250546
433,Summer,32.4,32.7,33.0,38.8,0.65,2,2.0,1.9978213507625273,-8.196568423990414e-17,3.0
434,Summer,31.6,33.1,32.3,39.7,0.56,0,3.0,2.997821350762527,0.9999999999999999,3.0
435,Summer,32.2,33.1,33.95,39.8,0.75,2,2.0,1.9978213507625273,-8.196568423990414e-17,3.0
436,Summer,32.4,33.099999999999994,33.8,39.5,0.68,2,2.0,1.9978213507625273,-8.196568423990414e-17,3.0
437,Summer,32.5,33.175,33.85,36.3,0.71,2,2.0,1.9978213507625273,-8.196568423990414e-17,3.0
438,Summer,32.0,32.35,32.7,38.5,0.68,0,2.0,1.9978213507625273,-8.196568423990414e-17,3.0
439,Summer,32.4,32.7,33.0,38.8,0.65,2,0.0,-0.002178649237472767,-2.0,1.9956427015250546
440,Summer,31.6,33.1,32.5,39.7,0.56,0,0.0,-0.002178649237472767,-2.0,1.9956427015250546
441,Summer,32.2,33.1,33.1,39.8,0.75,0,3.0,2.997821350762527,0.9999999999999999,3.0
442,Summer,32.4,33.099999999999994,33.8,39.5,0.68,3,2.0,1.9978213507625273,-8.196568423990414e-17,3.0
443,Summer,32.5,33.175,33.85,36.3,0.71,2,2.0,1.9978213507625273,-8.196568423990414e-17,3.0
444,Summer,32.0,32.35,32.7,38.5,0.68,2,0.0,-0.002178649237472767,-2.0,1.9956427015250546
445,Summer,32.4,32.7,33.0,38.8,0.65,0,3.0,2.997821350762527,0.9999999999999999,3.0
446,Summer,31.6,33.1,33.2,39.7,0.56,2,0.0,-0.002178649237472767,-2.0,1.9956427015250546
447,Summer,32.2,33.1,33.7,39.8,0.75,2,3.0,2.997821350762527,0.9999999999999999,3.0
448,Summer,28.9,29.299999999999997,29.7,43.0,1.34,0,0.0,-0.002178649237472767,-2.0,1.9956427015250546
449,Summer,28.9,29.85,30.8,41.0,0.79,1,0.0,-0.002178649237472767,-2.0,1.9956427015250546
450,Summer,29.0,29.7,30.4,45.0,1.32,0,1.0,0.9978213507625272,-1.0,2.9956427015250546
451,Summer,29.1,30.15,30.2,42.0,0.87,0,0.0,-0.002178649237472767,-2.0,1.9956427015250546
452,Summer,28.7,30.1,29.8,42.0,1.2,0,0.0,-0.002178649237472767,-2.0,1.9956427015250546
453,Summer,29.2,30.4,30.0,41.0,1.1,0,1.0,0.9978213507625272,-1.0,2.9956427015250546
454,Summer,28.9,29.299999999999997,29.7,43.0,1.34,0,1.0,0.9978213507625272,-1.0,2.9956427015250546
455,Summer,28.9,29.85,30.8,41.0,0.79,1,1.0,0.9978213507625272,-1.0,2.9956427015250546
456,Summer,29.0,29.7,30.4,45.0,1.32,1,0.0,-0.002178649237472767,-2.0,1.9956427015250546
457,Summer,29.1,30.15,30.0,42.0,0.87,0,1.0,0.9978213507625272,-1.0,2.9956427015250546
458,Summer,28.7,30.1,29.6,42.0,1.2,0,0.0,-0.002178649237472767,-2.0,1.9956427015250546
459,Summer,29.2,30.4,30.0,41.0,1.1,1,0.0,-0.002178649237472767,-2.0,1.9956427015250546
460,Summer,28.9,29.299999999999997,29.7,43.0,1.34,0,0.0,-0.002178649237472767,-2.0,1.9956427015250546
461,Summer,28.9,29.85,30.8,41.0,0.79,0,1.0,0.9978213507625272,-1.0,2.9956427015250546
462,Summer,29.0,29.7,30.4,45.0,1.32,0,0.0,-0.002178649237472767,-2.0,1.9956427015250546
463,Summer,29.1,30.15,30.0,42.0,0.87,0,0.0,-0.002178649237472767,-2.0,1.9956427015250546
464,Summer,28.7,30.1,28.6,42.0,1.2,0,0.0,-0.002178649237472767,-2.0,1.9956427015250546
465,Summer,29.2,30.4,30.1,41.0,1.1,0,0.0,-0.002178649237472767,-2.0,1.9956427015250546
466,Summer,28.9,29.299999999999997,29.7,43.0,1.34,1,0.0,-0.002178649237472767,-2.0,1.9956427015250546
467,Summer,28.9,29.85,30.8,41.0,0.79,0,1.0,0.9978213507625272,-1.0,2.9956427015250546
468,Summer,29.0,29.7,30.4,45.0,1.32,0,0.0,-0.002178649237472767,-2.0,1.9956427015250546
469,Summer,29.1,30.15,30.2,42.0,0.87,0,0.0,-0.002178649237472767,-2.0,1.9956427015250546
470,Summer,28.7,30.1,29.5,42.0,1.2,0,0.0,-0.002178649237472767,-2.0,1.9956427015250546
471,Summer,29.2,30.4,30.2,41.0,1.1,0,0.0,-0.002178649237472767,-2.0,1.9956427015250546
472,Summer,28.9,29.299999999999997,29.7,43.0,1.34,0,1.0,0.9978213507625272,-1.0,2.9956427015250546
473,Summer,28.9,29.85,30.8,41.0,0.79,1,1.0,0.9978213507625272,-1.0,2.9956427015250546
474,Summer,29.0,29.7,30.4,45.0,1.32,0,1.0,0.9978213507625272,-1.0,2.9956427015250546
475,Summer,29.1,30.15,30.1,42.0,0.87,1,1.0,0.9978213507625272,-1.0,2.9956427015250546
476,Summer,28.7,30.1,29.5,42.0,1.2,0,1.0,0.9978213507625272,-1.0,2.9956427015250546
477,Summer,29.2,30.4,29.5,41.0,1.1,0,1.0,0.9978213507625272,-1.0,2.9956427015250546
478,Summer,29.2,30.4,29.5,41.0,0.95,1,0.0,-0.002178649237472767,-2.0,1.9956427015250546
479,Summer,32.2,32.8,33.4,40.4,1.63,1,1.0,0.9978213507625272,-1.0,2.9956427015250546
480,Summer,32.1,32.3,32.5,40.0,1.72,1,2.0,1.9978213507625273,-8.196568423990414e-17,3.0
481,Summer,32.0,32.25,32.5,40.1,0.79,2,1.0,0.9978213507625272,-1.0,2.9956427015250546
482,Summer,32.0,32.3,32.6,39.7,1.56,0,2.0,1.9978213507625273,-8.196568423990414e-17,3.0
483,Summer,31.9,32.099999999999994,32.3,40.2,1.39,2,0.0,-0.002178649237472767,-2.0,1.9956427015250546
484,Summer,32.0,32.15,32.3,40.4,1.25,0,0.0,-0.002178649237472767,-2.0,1.9956427015250546
485,Summer,32.2,32.8,33.4,40.4,1.63,0,1.0,0.9978213507625272,-1.0,2.9956427015250546
486,Summer,32.1,32.3,32.5,40.0,1.72,0,1.0,0.9978213507625272,-1.0,2.9956427015250546
487,Summer,32.0,32.25,32.5,40.1,0.79,1,2.0,1.9978213507625273,-8.196568423990414e-17,3.0
488,Summer,32.0,32.3,32.6,39.7,1.56,2,0.0,-0.002178649237472767,-2.0,1.9956427015250546
489,Summer,31.9,32.099999999999994,32.3,40.2,1.39,0,2.0,1.9978213507625273,-8.196568423990414e-17,3.0
490,Summer,32.0,32.15,32.3,40.4,1.25,0,0.0,-0.002178649237472767,-2.0,1.9956427015250546
491,Summer,32.2,32.8,33.4,40.4,1.63,1,0.0,-0.002178649237472767,-2.0,1.9956427015250546
492,Summer,32.1,32.3,32.5,40.0,1.72,0,1.0,0.9978213507625272,-1.0,2.9956427015250546
493,Summer,32.0,32.25,32.5,40.1,0.79,0,2.0,1.9978213507625273,-8.196568423990414e-17,3.0
494,Summer,32.0,32.3,32.6,39.7,1.56,0,2.0,1.9978213507625273,-8.196568423990414e-17,3.0
495,Summer,31.9,32.099999999999994,32.3,40.2,1.39,2,1.0,0.9978213507625272,-1.0,2.9956427015250546
496,Summer,32.0,32.15,32.3,40.4,1.25,1,0.0,-0.002178649237472767,-2.0,1.9956427015250546
497,Summer,32.2,32.8,33.4,40.4,1.63,0,1.0,0.9978213507625272,-1.0,2.9956427015250546
498,Summer,32.1,32.3,32.5,40.0,1.72,1,0.0,-0.002178649237472767,-2.0,1.9956427015250546
499,Summer,32.0,32.25,32.5,40.1,0.79,1,2.0,1.9978213507625273,-8.196568423990414e-17,3.0
500,Summer,32.0,32.3,32.6,39.7,1.56,0,2.0,1.9978213507625273,-8.196568423990414e-17,3.0
501,Summer,28.5,27.6,29.7,45.0,0.89,0,0.0,-0.002178649237472767,-2.0,1.9956427015250546
502,Summer,28.5,27.95,27.4,48.0,0.5,0,1.0,0.9978213507625272,-1.0,2.9956427015250546
503,Summer,29.2,29.5,29.8,43.0,0.34,0,0.0,-0.002178649237472767,-2.0,1.9956427015250546
504,Summer,30.1,28.65,31.2,44.0,0.7,1,-1.0,-1.0021786492374727,-3.0,0.9956427015250545
505,Summer,30.4,28.75,30.8,40.0,0.45,0,1.0,0.9978213507625272,-1.0,2.9956427015250546
506,Summer,31.4,29.25,32.2,41.0,0.65,1,0.0,-0.002178649237472767,-2.0,1.9956427015250546
507,Summer,28.5,27.6,29.7,45.0,0.89,0,0.0,-0.002178649237472767,-2.0,1.9956427015250546
508,Summer,28.5,27.95,27.4,48.0,0.5,1,0.0,-0.002178649237472767,-2.0,1.9956427015250546
509,Summer,29.2,29.5,29.8,43.0,0.34,1,0.0,-0.002178649237472767,-2.0,1.9956427015250546
510,Summer,30.1,28.65,31.5,44.0,0.7,0,-1.0,-1.0021786492374727,-3.0,0.9956427015250545
511,Summer,30.4,28.75,31.2,40.0,0.45,0,0.0,-0.002178649237472767,-2.0,1.9956427015250546
512,Summer,31.4,29.25,32.4,41.0,0.65,0,0.0,-0.002178649237472767,-2.0,1.9956427015250546
513,Summer,28.5,27.6,29.5,45.0,0.89,-1,0.0,-0.002178649237472767,-2.0,1.9956427015250546
514,Summer,28.5,27.95,27.4,48.0,0.5,1,0.0,-0.002178649237472767,-2.0,1.9956427015250546
515,Summer,29.2,29.5,29.8,43.0,0.34,0,1.0,0.9978213507625272,-1.0,2.9956427015250546
516,Summer,30.1,28.65,30.8,44.0,0.7,0,-1.0,-1.0021786492374727,-3.0,0.9956427015250545
517,Summer,30.4,28.75,31.2,40.0,0.45,0,0.0,-0.002178649237472767,-2.0,1.9956427015250546
518,Summer,31.4,29.25,31.6,41.0,0.65,0,0.0,-0.002178649237472767,-2.0,1.9956427015250546
519,Summer,28.5,27.6,29.4,45.0,0.89,1,1.0,0.9978213507625272,-1.0,2.9956427015250546
520,Summer,28.5,27.95,27.4,48.0,0.5,0,0.0,-0.002178649237472767,-2.0,1.9956427015250546
521,Summer,29.2,29.5,29.8,43.0,0.34,0,0.0,-0.002178649237472767,-2.0,1.9956427015250546
522,Summer,30.1,28.65,30.8,44.0,0.7,-1,1.0,0.9978213507625272,-1.0,2.9956427015250546
523,Summer,30.4,28.75,30.8,40.0,0.45,1,0.0,-0.002178649237472767,-2.0,1.9956427015250546
524,Summer,31.4,29.25,32.4,41.0,0.65,1,0.0,-0.002178649237472767,-2.0,1.9956427015250546
525,Summer,28.5,27.6,28.2,45.0,0.89,0,1.0,0.9978213507625272,-1.0,2.9956427015250546
526,Summer,28.5,27.95,27.4,48.0,0.5,0,0.0,-0.002178649237472767,-2.0,1.9956427015250546
527,Summer,29.2,29.5,29.8,43.0,0.34,0,0.0,-0.002178649237472767,-2.0,1.9956427015250546
528,Summer,30.1,28.65,30.1,44.0,0.7,1,0.0,-0.002178649237472767,-2.0,1.9956427015250546
529,Summer,30.4,28.75,30.8,40.0,0.45,0,1.0,0.9978213507625272,-1.0,2.9956427015250546
530,Summer,31.4,29.25,32.4,41.0,0.65,0,1.0,0.9978213507625272,-1.0,2.9956427015250546
531,Summer,28.5,27.6,29.1,45.0,0.89,1,0.0,-0.002178649237472767,-2.0,1.9956427015250546
532,Summer,28.5,27.95,27.4,48.0,0.5,1,0.0,-0.002178649237472767,-2.0,1.9956427015250546
533,Summer,25.0,27.4,25.7,46.0,0.32,0,0.0,-0.002178649237472767,-2.0,1.9956427015250546
534,Summer,25.5,26.35,27.2,44.0,0.18,0,0.0,-0.002178649237472767,-2.0,1.9956427015250546
535,Summer,24.5,25.8,25.2,44.0,0.11,0,0.0,-0.002178649237472767,-2.0,1.9956427015250546
536,Summer,23.0,23.55,24.1,44.0,0.24,0,0.0,-0.002178649237472767,-2.0,1.9956427015250546
537,Summer,23.35,22.875,22.4,45.0,0.4,0,0.0,-0.002178649237472767,-2.0,1.9956427015250546
538,Summer,25.0,24.85,24.7,46.0,0.32,1,0.0,-0.002178649237472767,-2.0,1.9956427015250546
539,Summer,25.5,25.95,26.4,44.0,0.18,0,1.0,0.9978213507625272,-1.0,2.9956427015250546
540,Summer,24.5,24.9,25.3,44.0,0.11,0,0.0,-0.002178649237472767,-2.0,1.9956427015250546
541,Summer,23.0,23.55,24.1,44.0,0.24,1,-1.0,-1.0021786492374727,-3.0,0.9956427015250545
542,Summer,23.35,22.875,22.4,45.0,0.4,-1,1.0,0.9978213507625272,-1.0,2.9956427015250546
543,Summer,25.0,24.85,24.7,46.0,0.32,-1,-1.0,-1.0021786492374727,-3.0,0.9956427015250545
544,Summer,25.5,25.95,26.4,44.0,0.18,1,0.0,-0.002178649237472767,-2.0,1.9956427015250546
545,Summer,24.5,24.9,25.3,44.0,0.11,0,0.0,-0.002178649237472767,-2.0,1.9956427015250546
546,Summer,23.0,23.55,24.1,44.0,0.24,-1,1.0,0.9978213507625272,-1.0,2.9956427015250546
547,Summer,23.35,22.875,22.4,45.0,0.4,0,-1.0,-1.0021786492374727,-3.0,0.9956427015250545
548,Summer,25.0,24.85,24.7,46.0,0.32,0,-1.0,-1.0021786492374727,-3.0,0.9956427015250545
549,Summer,25.5,25.95,26.4,44.0,0.18,0,1.0,0.9978213507625272,-1.0,2.9956427015250546
550,Summer,24.5,24.9,25.3,44.0,0.11,0,0.0,-0.002178649237472767,-2.0,1.9956427015250546
551,Summer,23.0,23.55,24.1,44.0,0.24,0,-1.0,-1.0021786492374727,-3.0,0.9956427015250545
552,Summer,27.0,27.75,28.5,39.0,0.49,0,0.0,-0.002178649237472767,-2.0,1.9956427015250546
553,Summer,26.55,27.375,28.2,43.0,0.83,0,0.0,-0.002178649237472767,-2.0,1.9956427015250546
554,Summer,26.55,27.375,28.2,41.0,0.62,0,0.0,-0.002178649237472767,-2.0,1.9956427015250546
555,Summer,25.9,26.299999999999997,26.7,39.0,0.7,0,1.0,0.9978213507625272,-1.0,2.9956427015250546
556,Summer,26.3,26.5,26.7,40.0,0.51,0,0.0,-0.002178649237472767,-2.0,1.9956427015250546
557,Summer,26.2,26.049999999999997,25.9,38.0,0.55,0,0.0,-0.002178649237472767,-2.0,1.9956427015250546
558,Summer,27.0,27.75,28.5,39.0,0.49,0,0.0,-0.002178649237472767,-2.0,1.9956427015250546
559,Summer,26.55,27.375,28.2,43.0,0.83,0,0.0,-0.002178649237472767,-2.0,1.9956427015250546
560,Summer,26.55,27.375,28.2,41.0,0.62,0,0.0,-0.002178649237472767,-2.0,1.9956427015250546
561,Summer,25.9,26.299999999999997,26.7,39.0,0.7,1,0.0,-0.002178649237472767,-2.0,1.9956427015250546
562,Summer,26.3,26.5,26.7,40.0,0.51,0,0.0,-0.002178649237472767,-2.0,1.9956427015250546
563,Summer,26.2,26.049999999999997,25.9,38.0,0.55,0,0.0,-0.002178649237472767,-2.0,1.9956427015250546
564,Summer,27.0,27.75,28.5,39.0,0.49,0,0.0,-0.002178649237472767,-2.0,1.9956427015250546
565,Summer,26.55,27.375,28.2,43.0,0.83,0,0.0,-0.002178649237472767,-2.0,1.9956427015250546
566,Summer,26.55,27.375,28.2,41.0,0.62,0,0.0,-0.002178649237472767,-2.0,1.9956427015250546
567,Summer,25.9,26.299999999999997,26.7,39.0,0.7,0,0.0,-0.002178649237472767,-2.0,1.9956427015250546
568,Summer,26.3,26.5,26.7,40.0,0.51,0,0.0,-0.002178649237472767,-2.0,1.9956427015250546
569,Summer,26.2,26.049999999999997,25.9,38.0,0.55,0,0.0,-0.002178649237472767,-2.0,1.9956427015250546
570,Summer,27.0,27.75,28.5,39.0,0.49,0,0.0,-0.002178649237472767,-2.0,1.9956427015250546
571,Summer,23.3,23.1,22.9,31.0,0.47,-1,0.0,-0.002178649237472767,-2.0,1.9956427015250546
572,Summer,24.45,24.275,24.1,32.0,0.3,0,0.0,-0.002178649237472767,-2.0,1.9956427015250546
573,Summer,25.85,25.625,25.4,30.0,0.42,0,0.0,-0.002178649237472767,-2.0,1.9956427015250546
574,Summer,25.700000000000003,25.650000000000002,25.6,33.0,0.5,0,0.0,-0.002178649237472767,-2.0,1.9956427015250546
575,Summer,25.8,25.85,25.9,31.0,0.21,0,0.0,-0.002178649237472767,-2.0,1.9956427015250546
576,Summer,23.3,23.1,22.9,31.0,0.47,0,-1.0,-1.0021786492374727,-3.0,0.9956427015250545
577,Summer,24.45,24.275,24.1,32.0,0.3,0,0.0,-0.002178649237472767,-2.0,1.9956427015250546
578,Summer,25.85,25.625,25.4,30.0,0.42,0,0.0,-0.002178649237472767,-2.0,1.9956427015250546
579,Summer,25.700000000000003,25.650000000000002,25.6,33.0,0.5,0,0.0,-0.002178649237472767,-2.0,1.9956427015250546
580,Summer,25.8,25.85,25.9,31.0,0.21,-1,0.0,-0.002178649237472767,-2.0,1.9956427015250546
581,Summer,23.3,23.1,22.9,31.0,0.47,0,-1.0,-1.0021786492374727,-3.0,0.9956427015250545
582,Summer,24.45,24.275,24.1,32.0,0.3,0,-1.0,-1.0021786492374727,-3.0,0.9956427015250545
583,Summer,25.85,25.625,25.4,30.0,0.42,0,-1.0,-1.0021786492374727,-3.0,0.9956427015250545
584,Summer,25.700000000000003,25.650000000000002,25.6,33.0,0.5,-1,0.0,-0.002178649237472767,-2.0,1.9956427015250546
585,Summer,25.8,25.85,25.9,31.0,0.21,0,-1.0,-1.0021786492374727,-3.0,0.9956427015250545
586,Summer,23.3,23.1,22.9,31.0,0.47,0,-1.0,-1.0021786492374727,-3.0,0.9956427015250545
587,Summer,24.45,24.275,24.1,32.0,0.3,-1,0.0,-0.002178649237472767,-2.0,1.9956427015250546
588,Summer,25.85,25.625,25.4,30.0,0.42,0,-1.0,-1.0021786492374727,-3.0,0.9956427015250545
589,Summer,25.700000000000003,25.650000000000002,25.6,33.0,0.5,0,-1.0,-1.0021786492374727,-3.0,0.9956427015250545
590,Summer,25.8,25.85,25.9,31.0,0.21,-1,0.0,-0.002178649237472767,-2.0,1.9956427015250546
591,Summer,23.3,23.1,22.9,31.0,0.47,-1,-1.0,-1.0021786492374727,-3.0,0.9956427015250545
592,Summer,24.45,24.275,24.1,32.0,0.3,0,-1.0,-1.0021786492374727,-3.0,0.9956427015250545
593,Summer,25.85,25.625,25.4,30.0,0.42,0,0.0,-0.002178649237472767,-2.0,1.9956427015250546
594,Summer,25.700000000000003,25.650000000000002,25.6,33.0,0.5,1,0.0,-0.002178649237472767,-2.0,1.9956427015250546
595,Summer,25.8,25.85,25.9,31.0,0.21,0,0.0,-0.002178649237472767,-2.0,1.9956427015250546
596,Summer,23.3,23.1,22.9,31.0,0.47,-1,1.0,0.9978213507625272,-1.0,2.9956427015250546
597,Summer,24.45,24.275,24.1,32.0,0.3,0,0.0,-0.002178649237472767,-2.0,1.9956427015250546
598,Summer,25.85,25.625,25.4,30.0,0.42,0,0.0,-0.002178649237472767,-2.0,1.9956427015250546
599,Summer,30.5,31.3,32.1,47.0,1.24,0,1.0,0.9978213507625272,-1.0,2.9956427015250546
600,Summer,30.1,30.950000000000003,31.8,50.0,1.7,1,0.0,-0.002178649237472767,-2.0,1.9956427015250546
601,Summer,30.8,31.5,32.2,46.0,0.8,1,0.0,-0.002178649237472767,-2.0,1.9956427015250546
602,Summer,30.6,31.15,31.7,45.0,0.7,0,1.0,0.9978213507625272,-1.0,2.9956427015250546
603,Summer,31.0,31.6,32.2,44.0,0.65,0,2.0,1.9978213507625273,-8.196568423990414e-17,3.0
604,Summer,30.8,31.1,31.4,45.0,0.62,0,0.0,-0.002178649237472767,-2.0,1.9956427015250546
605,Summer,30.5,30.9,31.3,47.0,1.24,1,0.0,-0.002178649237472767,-2.0,1.9956427015250546
606,Summer,30.1,30.950000000000003,31.8,50.0,1.7,0,1.0,0.9978213507625272,-1.0,2.9956427015250546
607,Summer,30.8,31.5,32.2,46.0,0.8,0,1.0,0.9978213507625272,-1.0,2.9956427015250546
608,Summer,30.6,31.15,31.7,45.0,0.7,1,1.0,0.9978213507625272,-1.0,2.9956427015250546
609,Summer,31.0,31.6,32.2,44.0,0.65,2,0.0,-0.002178649237472767,-2.0,1.9956427015250546
610,Summer,30.8,31.1,31.4,45.0,0.62,0,0.0,-0.002178649237472767,-2.0,1.9956427015250546
611,Summer,30.5,30.9,31.3,47.0,1.24,0,1.0,0.9978213507625272,-1.0,2.9956427015250546
612,Summer,30.1,30.950000000000003,31.8,50.0,1.7,1,0.0,-0.002178649237472767,-2.0,1.9956427015250546
613,Summer,30.8,31.5,32.2,46.0,0.8,0,0.0,-0.002178649237472767,-2.0,1.9956427015250546
614,Summer,30.6,31.15,31.7,45.0,0.7,1,1.0,0.9978213507625272,-1.0,2.9956427015250546
615,Summer,31.0,31.6,32.2,44.0,0.65,0,2.0,1.9978213507625273,-8.196568423990414e-17,3.0
616,Summer,30.8,31.1,31.4,45.0,0.62,0,0.0,-0.002178649237472767,-2.0,1.9956427015250546
617,Summer,30.5,30.9,31.3,47.0,1.24,1,0.0,-0.002178649237472767,-2.0,1.9956427015250546
618,Summer,30.1,30.950000000000003,31.8,50.0,1.7,0,1.0,0.9978213507625272,-1.0,2.9956427015250546
619,Summer,30.8,31.5,32.2,46.0,0.8,0,0.0,-0.002178649237472767,-2.0,1.9956427015250546
620,Summer,30.6,31.15,31.7,45.0,0.7,0,1.0,0.9978213507625272,-1.0,2.9956427015250546
621,Summer,31.0,31.6,32.2,44.0,0.65,0,0.0,-0.002178649237472767,-2.0,1.9956427015250546
622,Summer,30.8,31.1,31.4,45.0,0.62,1,0.0,-0.002178649237472767,-2.0,1.9956427015250546
623,Summer,30.5,30.9,31.3,47.0,1.24,0,0.0,-0.002178649237472767,-2.0,1.9956427015250546
624,Summer,31.2,32.35,32.1,41.0,1.31,2,0.0,-0.002178649237472767,-2.0,1.9956427015250546
625,Summer,31.4,32.5,32.6,41.5,0.7,0,0.0,-0.002178649237472767,-2.0,1.9956427015250546
626,Summer,31.2,32.3,32.6,42.0,0.71,0,0.0,-0.002178649237472767,-2.0,1.9956427015250546
627,Summer,31.3,32.35,32.2,41.0,0.64,2,2.0,1.9978213507625273,-8.196568423990414e-17,3.0
628,Summer,31.4,32.0,32.6,40.8,0.54,0,2.0,1.9978213507625273,-8.196568423990414e-17,3.0
629,Summer,31.4,31.6,31.8,41.0,1.31,0,0.0,-0.002178649237472767,-2.0,1.9956427015250546
630,Summer,31.5,31.65,31.8,41.5,0.7,0,0.0,-0.002178649237472767,-2.0,1.9956427015250546
631,Summer,31.2,30.95,30.7,42.0,0.71,0,0.0,-0.002178649237472767,-2.0,1.9956427015250546
632,Summer,31.4,32.3,33.2,41.0,0.64,1,0.0,-0.002178649237472767,-2.0,1.9956427015250546
633,Summer,31.4,31.049999999999997,30.7,40.8,0.54,0,0.0,-0.002178649237472767,-2.0,1.9956427015250546
634,Summer,31.4,31.5,31.6,41.0,1.31,0,2.0,1.9978213507625273,-8.196568423990414e-17,3.0
635,Summer,31.5,31.7,31.9,41.5,0.7,2,0.0,-0.002178649237472767,-2.0,1.9956427015250546
636,Summer,32.1,35.6,32.8,37.0,1.0,3,3.0,2.997821350762527,0.9999999999999999,3.0
637,Summer,32.85,34.625,32.8,36.8,1.17,2,0.0,-0.002178649237472767,-2.0,1.9956427015250546
638,Summer,32.5,34.6,33.1,35.0,0.75,2,0.0,-0.002178649237472767,-2.0,1.9956427015250546
639,Summer,32.95,34.875,33.8,35.0,0.55,0,0.0,-0.002178649237472767,-2.0,1.9956427015250546
640,Summer,32.95,34.925,33.8,35.2,0.5,2,0.0,-0.002178649237472767,-2.0,1.9956427015250546
641,Summer,32.8,34.95,33.1,35.0,0.42,2,1.0,0.9978213507625272,-1.0,2.9956427015250546
642,Summer,33.0,35.2,33.2,34.6,0.2,3,1.0,0.9978213507625272,-1.0,2.9956427015250546
643,Summer,33.1,36.1,33.1,37.0,1.0,3,3.0,2.997821350762527,0.9999999999999999,3.0
644,Summer,32.1,34.25,32.4,36.8,1.17,0,0.0,-0.002178649237472767,-2.0,1.9956427015250546
645,Summer,32.85,34.775000000000006,32.7,35.0,0.75,2,0.0,-0.002178649237472767,-2.0,1.9956427015250546
646,Summer,32.5,34.65,33.2,35.0,0.55,0,2.0,1.9978213507625273,-8.196568423990414e-17,3.0
647,Summer,32.95,34.925,33.5,35.2,0.5,2,2.0,1.9978213507625273,-8.196568423990414e-17,3.0
648,Summer,32.95,35.025000000000006,33.1,35.0,0.42,1,2.0,1.9978213507625273,-8.196568423990414e-17,3.0
649,Summer,32.8,35.099999999999994,33.2,34.6,0.2,2,1.0,0.9978213507625272,-1.0,2.9956427015250546
650,Summer,33.0,36.05,33.8,37.0,1.0,2,3.0,2.997821350762527,0.9999999999999999,3.0
651,Summer,33.1,34.75,33.5,36.8,1.17,1,0.0,-0.002178649237472767,-2.0,1.9956427015250546
652,Summer,32.1,34.400000000000006,33.4,35.0,0.75,0,0.0,-0.002178649237472767,-2.0,1.9956427015250546
653,Summer,32.85,34.825,33.8,35.0,0.55,1,0.0,-0.002178649237472767,-2.0,1.9956427015250546
654,Summer,32.5,34.7,33.9,35.2,0.5,0,2.0,1.9978213507625273,-8.196568423990414e-17,3.0
655,Summer,32.95,35.025000000000006,33.1,35.0,0.42,2,0.0,-0.002178649237472767,-2.0,1.9956427015250546
656,Summer,32.95,35.175,33.4,34.6,0.2,2,2.0,1.9978213507625273,-8.196568423990414e-17,3.0
657,Summer,32.8,31.75,32.8,37.0,1.0,1,0.0,-0.002178649237472767,-2.0,1.9956427015250546
658,Summer,33.0,33.25,33.5,36.8,1.17,1,1.0,0.9978213507625272,-1.0,2.9956427015250546
659,Summer,33.1,33.3,33.5,35.0,0.75,0,0.0,-0.002178649237472767,-2.0,1.9956427015250546
660,Summer,32.85,33.175,33.5,35.0,0.55,0,1.0,0.9978213507625272,-1.0,2.9956427015250546
661,Summer,32.5,32.6,32.7,35.2,0.5,0,2.0,1.9978213507625273,-8.196568423990414e-17,3.0
662,Summer,30.3,30.05,29.8,37.0,0.95,1,1.0,0.9978213507625272,-1.0,2.9956427015250546
663,Summer,30.4,30.1,29.8,36.0,0.56,0,2.0,1.9978213507625273,-8.196568423990414e-17,3.0
664,Summer,30.6,30.4,30.2,38.0,0.9,1,0.0,-0.002178649237472767,-2.0,1.9956427015250546
665,Summer,30.4,30.299999999999997,30.2,37.0,0.25,0,2.0,1.9978213507625273,-8.196568423990414e-17,3.0
666,Summer,30.6,30.9,31.2,35.0,0.26,0,0.0,-0.002178649237472767,-2.0,1.9956427015250546
667,Summer,30.8,31.3,31.8,34.5,0.41,0,2.0,1.9978213507625273,-8.196568423990414e-17,3.0
668,Summer,30.6,31.35,32.1,33.6,0.32,2,0.0,-0.002178649237472767,-2.0,1.9956427015250546
669,Summer,30.3,30.05,29.8,37.0,0.95,1,0.0,-0.002178649237472767,-2.0,1.9956427015250546
670,Summer,30.4,30.1,29.8,36.0,0.56,2,0.0,-0.002178649237472767,-2.0,1.9956427015250546
671,Summer,30.6,30.4,30.2,38.0,0.9,0,0.0,-0.002178649237472767,-2.0,1.9956427015250546
672,Summer,30.4,30.299999999999997,30.2,37.0,0.25,2,2.0,1.9978213507625273,-8.196568423990414e-17,3.0
673,Summer,30.6,30.9,31.2,35.0,0.26,0,0.0,-0.002178649237472767,-2.0,1.9956427015250546
674,Summer,30.8,31.3,31.8,34.5,0.41,2,0.0,-0.002178649237472767,-2.0,1.9956427015250546
675,Summer,30.6,31.35,32.1,33.6,0.32,0,2.0,1.9978213507625273,-8.196568423990414e-17,3.0
676,Summer,30.3,30.05,29.8,37.0,0.95,0,0.0,-0.002178649237472767,-2.0,1.9956427015250546
677,Summer,30.4,30.1,29.8,36.0,0.56,2,0.0,-0.002178649237472767,-2.0,1.9956427015250546
678,Summer,30.6,30.4,30.2,38.0,0.9,0,0.0,-0.002178649237472767,-2.0,1.9956427015250546
679,Summer,30.4,30.299999999999997,30.2,37.0,0.25,2,2.0,1.9978213507625273,-8.196568423990414e-17,3.0
680,Summer,30.6,30.9,31.2,35.0,0.26,1,0.0,-0.002178649237472767,-2.0,1.9956427015250546
681,Summer,30.8,31.3,31.8,34.5,0.41,0,2.0,1.9978213507625273,-8.196568423990414e-17,3.0
682,Summer,30.6,31.35,32.1,33.6,0.32,0,0.0,-0.002178649237472767,-2.0,1.9956427015250546
683,Summer,30.3,30.05,29.8,37.0,0.95,0,0.0,-0.002178649237472767,-2.0,1.9956427015250546
684,Summer,30.4,30.1,29.8,36.0,0.56,0,2.0,1.9978213507625273,-8.196568423990414e-17,3.0
685,Summer,30.6,30.4,30.2,38.0,0.9,0,0.0,-0.002178649237472767,-2.0,1.9956427015250546
686,Summer,30.4,30.299999999999997,30.2,37.0,0.25,2,2.0,1.9978213507625273,-8.196568423990414e-17,3.0
687,Summer,30.6,30.9,31.2,35.0,0.26,1,1.0,0.9978213507625272,-1.0,2.9956427015250546
688,Summer,30.8,31.3,31.8,34.5,0.41,0,0.0,-0.002178649237472767,-2.0,1.9956427015250546
689,Summer,30.6,31.35,32.1,33.6,0.32,1,0.0,-0.002178649237472767,-2.0,1.9956427015250546
690,Summer,30.3,30.05,29.8,37.0,0.95,0,0.0,-0.002178649237472767,-2.0,1.9956427015250546
691,Summer,30.4,30.1,29.8,36.0,0.56,0,0.0,-0.002178649237472767,-2.0,1.9956427015250546
692,Summer,30.6,30.4,30.2,38.0,0.9,0,0.0,-0.002178649237472767,-2.0,1.9956427015250546
693,Summer,30.4,30.299999999999997,30.2,37.0,0.25,0,2.0,1.9978213507625273,-8.196568423990414e-17,3.0
694,Summer,30.6,30.9,31.2,35.0,0.26,0,1.0,0.9978213507625272,-1.0,2.9956427015250546
695,Summer,30.8,31.3,31.8,34.5,0.41,2,0.0,-0.002178649237472767,-2.0,1.9956427015250546
696,Summer,30.6,31.35,32.1,33.6,0.32,0,0.0,-0.002178649237472767,-2.0,1.9956427015250546
697,Summer,30.3,30.05,29.8,37.0,0.95,0,0.0,-0.002178649237472767,-2.0,1.9956427015250546
698,Summer,30.4,30.1,29.8,36.0,0.56,0,0.0,-0.002178649237472767,-2.0,1.9956427015250546
699,Summer,30.6,30.9,31.2,38.0,0.9,1,0.0,-0.002178649237472767,-2.0,1.9956427015250546
700,Summer,34.6,34.85,35.1,43.0,0.17,0,1.0,0.9978213507625272,-1.0,2.9956427015250546
701,Summer,34.2,34.85,35.5,46.0,0.52,0,0.0,-0.002178649237472767,-2.0,1.9956427015250546
702,Summer,33.9,34.05,34.2,46.0,0.75,2,0.0,-0.002178649237472767,-2.0,1.9956427015250546
703,Summer,35.0,35.7,36.4,45.0,0.26,0,2.0,1.9978213507625273,-8.196568423990414e-17,3.0
704,Summer,34.7,35.150000000000006,35.6,44.0,0.26,1,0.0,-0.002178649237472767,-2.0,1.9956427015250546
705,Summer,34.8,35.099999999999994,35.4,42.0,0.16,0,0.0,-0.002178649237472767,-2.0,1.9956427015250546
706,Summer,34.5,34.95,35.4,43.0,0.2,0,1.0,0.9978213507625272,-1.0,2.9956427015250546
707,Summer,34.6,34.85,35.1,43.0,0.17,1,0.0,-0.002178649237472767,-2.0,1.9956427015250546
708,Summer,34.2,34.85,35.5,46.0,0.52,2,0.0,-0.002178649237472767,-2.0,1.9956427015250546
709,Summer,33.9,34.05,34.2,46.0,0.75,0,2.0,1.9978213507625273,-8.196568423990414e-17,3.0
710,Summer,35.0,35.7,36.4,45.0,0.26,2,0.0,-0.002178649237472767,-2.0,1.9956427015250546
711,Summer,34.7,35.150000000000006,35.6,44.0,0.26,1,0.0,-0.002178649237472767,-2.0,1.9956427015250546
712,Summer,34.8,35.099999999999994,35.4,42.0,0.16,0,1.0,0.9978213507625272,-1.0,2.9956427015250546
713,Summer,34.5,34.95,35.4,43.0,0.2,2,0.0,-0.002178649237472767,-2.0,1.9956427015250546
714,Summer,34.6,34.85,35.1,43.0,0.17,0,2.0,1.9978213507625273,-8.196568423990414e-17,3.0
715,Summer,34.2,34.85,35.5,46.0,0.52,0,2.0,1.9978213507625273,-8.196568423990414e-17,3.0
716,Summer,33.9,34.05,34.2,46.0,0.75,2,2.0,1.9978213507625273,-8.196568423990414e-17,3.0
717,Summer,35.0,35.7,36.4,45.0,0.26,2,2.0,1.9978213507625273,-8.196568423990414e-17,3.0
718,Summer,34.7,35.150000000000006,35.6,44.0,0.26,0,1.0,0.9978213507625272,-1.0,2.9956427015250546
719,Summer,34.8,35.099999999999994,35.4,42.0,0.16,1,2.0,1.9978213507625273,-8.196568423990414e-17,3.0
720,Summer,34.5,34.95,35.4,43.0,0.2,2,0.0,-0.002178649237472767,-2.0,1.9956427015250546
721,Summer,34.6,34.85,35.1,43.0,0.17,2,0.0,-0.002178649237472767,-2.0,1.9956427015250546
722,Summer,34.2,34.85,35.5,46.0,0.52,1,2.0,1.9978213507625273,-8.196568423990414e-17,3.0
723,Summer,33.9,34.05,34.2,46.0,0.75,2,2.0,1.9978213507625273,-8.196568423990414e-17,3.0
724,Summer,35.0,35.7,36.4,45.0,0.26,2,2.0,1.9978213507625273,-8.196568423990414e-17,3.0
725,Summer,34.7,35.150000000000006,35.6,44.0,0.26,1,1.0,0.9978213507625272,-1.0,2.9956427015250546
726,Summer,34.8,35.099999999999994,35.4,42.0,0.16,2,1.0,0.9978213507625272,-1.0,2.9956427015250546
727,Summer,34.5,34.95,35.4,43.0,0.2,0,1.0,0.9978213507625272,-1.0,2.9956427015250546
728,Summer,34.6,34.85,35.1,43.0,0.17,1,1.0,0.9978213507625272,-1.0,2.9956427015250546
729,Summer,34.2,34.85,35.5,46.0,0.52,2,0.0,-0.002178649237472767,-2.0,1.9956427015250546
730,Summer,33.9,34.05,34.2,46.0,0.75,0,2.0,1.9978213507625273,-8.196568423990414e-17,3.0
731,Summer,35.0,35.7,36.4,45.0,0.26,0,2.0,1.9978213507625273,-8.196568423990414e-17,3.0
732,Summer,34.7,35.150000000000006,35.6,44.0,0.26,1,0.0,-0.002178649237472767,-2.0,1.9956427015250546
733,Summer,34.8,35.099999999999994,35.4,42.0,0.16,1,1.0,0.9978213507625272,-1.0,2.9956427015250546
734,Summer,34.5,34.95,35.4,43.0,0.2,0,1.0,0.9978213507625272,-1.0,2.9956427015250546
735,Summer,34.6,34.85,35.1,43.0,0.17,1,1.0,0.9978213507625272,-1.0,2.9956427015250546
736,Summer,34.2,34.85,35.5,46.0,0.52,2,2.0,1.9978213507625273,-8.196568423990414e-17,3.0
737,Summer,33.9,34.05,34.2,46.0,0.75,0,0.0,-0.002178649237472767,-2.0,1.9956427015250546
738,Summer,35.0,35.7,36.4,45.0,0.26,0,0.0,-0.002178649237472767,-2.0,1.9956427015250546
739,Summer,34.7,35.150000000000006,35.6,44.0,0.26,0,0.0,-0.002178649237472767,-2.0,1.9956427015250546
740,Summer,34.8,35.099999999999994,35.4,42.0,0.16,1,1.0,0.9978213507625272,-1.0,2.9956427015250546
741,Summer,34.5,34.95,35.4,43.0,0.2,0,0.0,-0.002178649237472767,-2.0,1.9956427015250546
742,Summer,33.2,34.3,33.4,31.0,0.5,2,0.0,-0.002178649237472767,-2.0,1.9956427015250546
743,Summer,33.3,34.2,35.1,31.0,0.7,1,0.0,-0.002178649237472767,-2.0,1.9956427015250546
744,Summer,33.8,34.75,35.7,30.0,1.0,0,1.0,0.9978213507625272,-1.0,2.9956427015250546
745,Summer,34.0,35.0,35.0,32.0,0.3,1,1.0,0.9978213507625272,-1.0,2.9956427015250546
746,Summer,34.0,34.7,35.4,31.0,0.5,0,0.0,-0.002178649237472767,-2.0,1.9956427015250546
747,Summer,34.2,34.7,35.2,30.0,0.3,1,1.0,0.9978213507625272,-1.0,2.9956427015250546
748,Summer,35.4,35.05,34.7,32.0,0.94,2,0.0,-0.002178649237472767,-2.0,1.9956427015250546
749,Summer,35.2,35.05,34.9,33.0,0.7,2,2.0,1.9978213507625273,-8.196568423990414e-17,3.0
750,Summer,35.5,35.35,35.2,32.0,0.4,0,1.0,0.9978213507625272,-1.0,2.9956427015250546
751,Summer,35.9,35.8,35.7,32.0,0.5,0,0.0,-0.002178649237472767,-2.0,1.9956427015250546
752,Summer,35.2,35.400000000000006,35.6,35.0,0.8,2,2.0,1.9978213507625273,-8.196568423990414e-17,3.0
753,Summer,35.8,35.4,35.0,34.0,0.75,2,2.0,1.9978213507625273,-8.196568423990414e-17,3.0
754,Summer,33.8,34.3,34.8,42.0,0.45,0,1.0,0.9978213507625272,-1.0,2.9956427015250546
755,Summer,34.0,34.1,34.2,45.0,0.5,0,0.0,-0.002178649237472767,-2.0,1.9956427015250546
756,Summer,34.0,34.3,34.6,43.0,0.41,1,0.0,-0.002178649237472767,-2.0,1.9956427015250546
757,Summer,34.2,34.45,34.7,43.0,0.38,2,0.0,-0.002178649237472767,-2.0,1.9956427015250546
758,Summer,34.2,34.35,34.5,31.0,0.75,1,2.0,1.9978213507625273,-8.196568423990414e-17,3.0
759,Summer,34.5,35.05,35.6,30.0,1.2,0,2.0,1.9978213507625273,-8.196568423990414e-17,3.0
760,Summer,34.5,35.05,35.6,29.0,0.7,2,2.0,1.9978213507625273,-8.196568423990414e-17,3.0
761,Summer,34.7,35.25,35.8,28.0,0.9,2,2.0,1.9978213507625273,-8.196568423990414e-17,3.0
762,Summer,34.8,35.5,36.2,29.0,0.6,0,0.0,-0.002178649237472767,-2.0,1.9956427015250546
763,Summer,35.1,35.150000000000006,35.2,28.0,0.45,1,0.0,-0.002178649237472767,-2.0,1.9956427015250546
764,Summer,35.1,35.150000000000006,35.2,28.0,0.27,2,1.0,0.9978213507625272,-1.0,2.9956427015250546
765,Summer,35.1,35.150000000000006,35.2,26.0,0.32,1,0.0,-0.002178649237472767,-2.0,1.9956427015250546
766,Summer,35.4,35.55,35.7,25.4,0.3,0,1.0,0.9978213507625272,-1.0,2.9956427015250546
767,Summer,36.0,36.6,37.2,25.4,0.15,2,0.0,-0.002178649237472767,-2.0,1.9956427015250546
768,Summer,35.8,35.8,35.8,25.4,0.11,0,2.0,1.9978213507625273,-8.196568423990414e-17,3.0
769,Summer,35.8,35.95,36.1,25.2,0.41,0,0.0,-0.002178649237472767,-2.0,1.9956427015250546
770,Summer,33.8,33.95,34.1,38.0,0.7,2,2.0,1.9978213507625273,-8.196568423990414e-17,3.0
771,Summer,33.6,33.900000000000006,34.2,37.0,0.3,2,1.0,0.9978213507625272,-1.0,2.9956427015250546
772,Summer,34.2,33.8,33.4,36.0,0.5,0,2.0,1.9978213507625273,-8.196568423990414e-17,3.0
773,Summer,34.2,33.8,33.4,36.0,0.42,0,2.0,1.9978213507625273,-8.196568423990414e-17,3.0
774,Summer,29.1,29.3,29.5,41.0,0.5,0,1.0,0.9978213507625272,-1.0,2.9956427015250546
775,Summer,29.4,29.65,29.9,39.0,0.42,1,0.0,-0.002178649237472767,-2.0,1.9956427015250546
776,Summer,29.8,30.0,30.2,38.6,0.4,0,1.0,0.9978213507625272,-1.0,2.9956427015250546
777,Summer,28.6,28.25,27.9,37.0,0.3,0,0.0,-0.002178649237472767,-2.0,1.9956427015250546
778,Summer,29.1,29.5,29.9,37.0,0.3,0,1.0,0.9978213507625272,-1.0,2.9956427015250546
779,Summer,29.3,29.75,30.2,36.8,0.24,0,0.0,-0.002178649237472767,-2.0,1.9956427015250546
780,Summer,29.1,29.3,29.5,41.0,0.5,1,0.0,-0.002178649237472767,-2.0,1.9956427015250546
781,Summer,29.4,29.65,29.9,39.0,0.42,0,0.0,-0.002178649237472767,-2.0,1.9956427015250546
782,Summer,29.8,30.0,30.2,38.6,0.4,1,0.0,-0.002178649237472767,-2.0,1.9956427015250546
783,Summer,28.6,28.25,27.9,37.0,0.3,0,0.0,-0.002178649237472767,-2.0,1.9956427015250546
784,Summer,29.1,29.5,29.9,37.0,0.3,0,0.0,-0.002178649237472767,-2.0,1.9956427015250546
785,Summer,29.3,29.75,30.2,36.8,0.24,0,0.0,-0.002178649237472767,-2.0,1.9956427015250546
786,Summer,29.1,29.3,29.5,41.0,0.5,0,0.0,-0.002178649237472767,-2.0,1.9956427015250546
787,Summer,29.4,29.65,29.9,39.0,0.42,1,0.0,-0.002178649237472767,-2.0,1.9956427015250546
788,Summer,29.8,30.0,30.2,38.6,0.4,0,1.0,0.9978213507625272,-1.0,2.9956427015250546
789,Summer,28.6,28.25,27.9,37.0,0.3,0,0.0,-0.002178649237472767,-2.0,1.9956427015250546
790,Summer,29.1,29.5,29.9,37.0,0.3,1,0.0,-0.002178649237472767,-2.0,1.9956427015250546
791,Summer,29.3,29.75,30.2,36.8,0.24,0,0.0,-0.002178649237472767,-2.0,1.9956427015250546
792,Summer,29.1,29.3,29.5,41.0,0.5,0,0.0,-0.002178649237472767,-2.0,1.9956427015250546
793,Summer,29.4,29.65,29.9,39.0,0.42,1,1.0,0.9978213507625272,-1.0,2.9956427015250546
794,Summer,29.8,30.0,30.2,38.6,0.4,1,1.0,0.9978213507625272,-1.0,2.9956427015250546
795,Summer,28.6,28.25,27.9,37.0,0.3,0,0.0,-0.002178649237472767,-2.0,1.9956427015250546
796,Summer,29.1,29.5,29.9,37.0,0.3,1,0.0,-0.002178649237472767,-2.0,1.9956427015250546
797,Summer,29.3,29.75,30.2,36.8,0.24,0,0.0,-0.002178649237472767,-2.0,1.9956427015250546
798,Summer,29.1,29.3,29.5,41.0,0.5,0,0.0,-0.002178649237472767,-2.0,1.9956427015250546
799,Summer,29.4,29.65,29.9,39.0,0.42,0,1.0,0.9978213507625272,-1.0,2.9956427015250546
800,Summer,29.8,30.0,30.2,38.6,0.4,1,0.0,-0.002178649237472767,-2.0,1.9956427015250546
801,Summer,28.6,28.25,27.9,37.0,0.3,0,1.0,0.9978213507625272,-1.0,2.9956427015250546
802,Summer,29.1,29.5,29.9,37.0,0.3,0,1.0,0.9978213507625272,-1.0,2.9956427015250546
803,Summer,29.3,29.75,30.2,36.8,0.24,0,0.0,-0.002178649237472767,-2.0,1.9956427015250546
804,Summer,29.1,29.3,29.5,41.0,0.5,1,0.0,-0.002178649237472767,-2.0,1.9956427015250546
805,Summer,29.4,29.65,29.9,39.0,0.42,0,0.0,-0.002178649237472767,-2.0,1.9956427015250546
806,Summer,29.8,30.0,30.2,38.6,0.4,0,1.0,0.9978213507625272,-1.0,2.9956427015250546
807,Summer,28.6,28.25,27.9,37.0,0.3,1,0.0,-0.002178649237472767,-2.0,1.9956427015250546
808,Summer,29.1,29.5,29.9,37.0,0.3,0,0.0,-0.002178649237472767,-2.0,1.9956427015250546
809,Summer,29.3,29.75,30.2,36.8,0.24,0,0.0,-0.002178649237472767,-2.0,1.9956427015250546
810,Summer,29.3,28.25,30.2,36.8,0.24,1,0.0,-0.002178649237472767,-2.0,1.9956427015250546
811,Summer,31.2,32.35,32.2,28.0,0.5,0,0.0,-0.002178649237472767,-2.0,1.9956427015250546
812,Summer,31.28,32.04,32.8,30.0,0.3,1,1.0,0.9978213507625272,-1.0,2.9956427015250546
813,Summer,32.0,32.75,33.5,27.0,0.4,1,0.0,-0.002178649237472767,-2.0,1.9956427015250546
814,Summer,32.2,32.55,32.9,26.0,0.7,2,2.0,1.9978213507625273,-8.196568423990414e-17,3.0
815,Summer,32.8,33.2,33.6,27.0,0.6,0,0.0,-0.002178649237472767,-2.0,1.9956427015250546
816,Summer,32.75,33.475,34.2,26.5,0.45,0,2.0,1.9978213507625273,-8.196568423990414e-17,3.0
817,Summer,31.2,32.35,31.8,28.0,0.5,0,0.0,-0.002178649237472767,-2.0,1.9956427015250546
818,Summer,31.28,32.04,32.8,30.0,0.3,0,1.0,0.9978213507625272,-1.0,2.9956427015250546
819,Summer,32.0,32.75,33.5,27.0,0.4,1,1.0,0.9978213507625272,-1.0,2.9956427015250546
820,Summer,32.2,32.55,32.9,26.0,0.7,2,2.0,1.9978213507625273,-8.196568423990414e-17,3.0
821,Summer,32.8,33.2,33.6,27.0,0.6,0,0.0,-0.002178649237472767,-2.0,1.9956427015250546
822,Summer,32.75,33.475,34.2,26.5,0.45,2,2.0,1.9978213507625273,-8.196568423990414e-17,3.0
823,Summer,31.2,32.35,31.8,28.0,0.5,0,0.0,-0.002178649237472767,-2.0,1.9956427015250546
824,Summer,31.28,32.04,32.8,30.0,0.3,1,0.0,-0.002178649237472767,-2.0,1.9956427015250546
825,Summer,32.0,32.75,33.5,27.0,0.4,1,1.0,0.9978213507625272,-1.0,2.9956427015250546
826,Summer,32.2,32.55,32.9,26.0,0.7,2,2.0,1.9978213507625273,-8.196568423990414e-17,3.0
827,Summer,32.8,33.2,33.6,27.0,0.6,0,0.0,-0.002178649237472767,-2.0,1.9956427015250546
828,Summer,32.75,33.475,34.2,26.5,0.45,2,0.0,-0.002178649237472767,-2.0,1.9956427015250546
829,Summer,31.2,32.35,31.8,28.0,0.5,0,0.0,-0.002178649237472767,-2.0,1.9956427015250546
830,Summer,31.28,32.04,32.8,30.0,0.3,0,0.0,-0.002178649237472767,-2.0,1.9956427015250546
831,Summer,32.0,32.75,33.5,27.0,0.4,0,1.0,0.9978213507625272,-1.0,2.9956427015250546
832,Summer,32.2,32.55,32.9,26.0,0.7,2,2.0,1.9978213507625273,-8.196568423990414e-17,3.0
833,Summer,32.8,33.2,33.6,27.0,0.6,1,0.0,-0.002178649237472767,-2.0,1.9956427015250546
834,Summer,32.75,33.475,34.2,26.5,0.45,2,2.0,1.9978213507625273,-8.196568423990414e-17,3.0
835,Summer,31.2,32.35,31.8,28.0,0.5,2,0.0,-0.002178649237472767,-2.0,1.9956427015250546
836,Summer,31.28,32.04,32.8,30.0,0.3,0,0.0,-0.002178649237472767,-2.0,1.9956427015250546
837,Summer,32.0,32.75,33.5,27.0,0.4,2,1.0,0.9978213507625272,-1.0,2.9956427015250546
838,Summer,32.2,32.55,32.9,26.0,0.7,0,2.0,1.9978213507625273,-8.196568423990414e-17,3.0
839,Summer,32.8,33.2,33.6,27.0,0.6,0,1.0,0.9978213507625272,-1.0,2.9956427015250546
840,Summer,32.75,33.475,34.2,26.5,0.45,2,2.0,1.9978213507625273,-8.196568423990414e-17,3.0
841,Summer,31.2,32.35,31.8,28.0,0.5,0,2.0,1.9978213507625273,-8.196568423990414e-17,3.0
842,Summer,31.28,32.04,32.8,30.0,0.3,0,0.0,-0.002178649237472767,-2.0,1.9956427015250546
843,Summer,32.0,32.75,33.5,27.0,0.4,1,2.0,1.9978213507625273,-8.196568423990414e-17,3.0
844,Summer,32.2,32.55,32.9,26.0,0.7,2,0.0,-0.002178649237472767,-2.0,1.9956427015250546
845,Summer,32.8,33.2,33.6,27.0,0.6,1,0.0,-0.002178649237472767,-2.0,1.9956427015250546
846,Summer,32.75,33.475,34.2,26.5,0.45,0,2.0,1.9978213507625273,-8.196568423990414e-17,3.0
847,Summer,31.2,32.35,31.8,28.0,0.5,2,0.0,-0.002178649237472767,-2.0,1.9956427015250546
848,Summer,31.28,32.04,32.8,30.0,0.3,0,0.0,-0.002178649237472767,-2.0,1.9956427015250546
849,Summer,32.0,32.75,33.5,27.0,0.4,2,0.0,-0.002178649237472767,-2.0,1.9956427015250546
850,Summer,32.2,32.55,32.9,26.0,0.7,0,2.0,1.9978213507625273,-8.196568423990414e-17,3.0
851,Summer,32.8,33.2,33.6,27.0,0.6,0,0.0,-0.002178649237472767,-2.0,1.9956427015250546
852,Summer,32.75,33.475,34.2,26.5,0.45,0,2.0,1.9978213507625273,-8.196568423990414e-17,3.0
853,Summer,31.2,32.35,31.8,28.0,0.5,0,2.0,1.9978213507625273,-8.196568423990414e-17,3.0
854,Summer,31.28,32.04,32.8,30.0,0.3,0,0.0,-0.002178649237472767,-2.0,1.9956427015250546
855,Summer,32.0,32.75,33.5,27.0,0.4,0,0.0,-0.002178649237472767,-2.0,1.9956427015250546
856,Summer,32.2,32.55,32.9,26.0,0.7,2,0.0,-0.002178649237472767,-2.0,1.9956427015250546
857,Summer,32.8,33.2,33.6,27.0,0.6,2,0.0,-0.002178649237472767,-2.0,1.9956427015250546
858,Summer,32.75,33.475,34.2,26.5,0.45,0,0.0,-0.002178649237472767,-2.0,1.9956427015250546
859,Summer,31.2,32.35,31.8,28.0,0.5,2,2.0,1.9978213507625273,-8.196568423990414e-17,3.0
860,Summer,31.28,32.04,32.8,30.0,0.3,0,0.0,-0.002178649237472767,-2.0,1.9956427015250546
861,Summer,32.0,32.75,33.5,27.0,0.4,1,0.0,-0.002178649237472767,-2.0,1.9956427015250546
862,Summer,32.2,32.55,32.9,26.0,0.7,0,2.0,1.9978213507625273,-8.196568423990414e-17,3.0
863,Summer,32.8,33.2,33.6,27.0,0.6,0,0.0,-0.002178649237472767,-2.0,1.9956427015250546
864,Summer,32.75,33.475,34.2,26.5,0.45,0,1.0,0.9978213507625272,-1.0,2.9956427015250546
865,Summer,31.2,32.35,31.8,28.0,0.5,0,2.0,1.9978213507625273,-8.196568423990414e-17,3.0
866,Summer,31.28,32.04,32.8,30.0,0.3,0,0.0,-0.002178649237472767,-2.0,1.9956427015250546
867,Summer,32.0,32.75,33.5,27.0,0.4,0,1.0,0.9978213507625272,-1.0,2.9956427015250546
868,Summer,32.2,32.55,32.9,26.0,0.7,2,0.0,-0.002178649237472767,-2.0,1.9956427015250546
869,Summer,32.8,33.2,33.6,27.0,0.6,0,0.0,-0.002178649237472767,-2.0,1.9956427015250546
870,Summer,32.75,33.475,34.2,26.5,0.45,2,0.0,-0.002178649237472767,-2.0,1.9956427015250546
871,Summer,31.2,32.35,31.8,28.0,0.5,0,0.0,-0.002178649237472767,-2.0,1.9956427015250546
872,Summer,31.28,32.04,32.8,30.0,0.3,0,0.0,-0.002178649237472767,-2.0,1.9956427015250546
873,Summer,32.0,32.75,33.5,27.0,0.4,0,2.0,1.9978213507625273,-8.196568423990414e-17,3.0
874,Summer,32.2,32.55,32.9,26.0,0.7,2,0.0,-0.002178649237472767,-2.0,1.9956427015250546
875,Summer,32.8,33.2,33.6,27.0,0.6,0,0.0,-0.002178649237472767,-2.0,1.9956427015250546
876,Summer,32.75,33.475,34.2,26.5,0.45,0,0.0,-0.002178649237472767,-2.0,1.9956427015250546
877,Summer,28.58,28.939999999999998,29.3,45.0,0.8,0,1.0,0.9978213507625272,-1.0,2.9956427015250546
878,Summer,28.4,28.75,29.1,46.0,0.82,0,0.0,-0.002178649237472767,-2.0,1.9956427015250546
879,Summer,29.1,29.25,29.4,47.0,0.7,0,0.0,-0.002178649237472767,-2.0,1.9956427015250546
880,Summer,29.07,29.634999999999998,30.2,49.0,0.3,0,0.0,-0.002178649237472767,-2.0,1.9956427015250546
881,Summer,29.15,30.275,30.4,45.0,0.5,1,0.0,-0.002178649237472767,-2.0,1.9956427015250546
882,Summer,29.85,30.845,31.84,45.0,0.45,0,0.0,-0.002178649237472767,-2.0,1.9956427015250546
883,Summer,28.58,28.939999999999998,29.3,45.0,0.8,1,0.0,-0.002178649237472767,-2.0,1.9956427015250546
884,Summer,28.4,28.75,29.1,46.0,0.82,0,1.0,0.9978213507625272,-1.0,2.9956427015250546
885,Summer,29.1,29.25,29.4,47.0,0.7,0,1.0,0.9978213507625272,-1.0,2.9956427015250546
886,Summer,29.07,29.634999999999998,30.2,49.0,0.3,1,0.0,-0.002178649237472767,-2.0,1.9956427015250546
887,Summer,29.15,30.275,30.4,45.0,0.5,0,1.0,0.9978213507625272,-1.0,2.9956427015250546
888,Summer,29.85,30.845,31.84,45.0,0.45,0,0.0,-0.002178649237472767,-2.0,1.9956427015250546
889,Summer,28.58,28.939999999999998,29.3,45.0,0.8,1,1.0,0.9978213507625272,-1.0,2.9956427015250546
890,Summer,28.4,28.75,29.1,46.0,0.82,0,0.0,-0.002178649237472767,-2.0,1.9956427015250546
891,Summer,29.1,29.25,29.4,47.0,0.7,0,0.0,-0.002178649237472767,-2.0,1.9956427015250546
892,Summer,29.07,29.634999999999998,30.2,49.0,0.3,0,0.0,-0.002178649237472767,-2.0,1.9956427015250546
893,Summer,29.15,30.275,30.4,45.0,0.5,1,0.0,-0.002178649237472767,-2.0,1.9956427015250546
894,Summer,29.85,30.845,31.84,45.0,0.45,2,0.0,-0.002178649237472767,-2.0,1.9956427015250546
895,Summer,28.58,28.939999999999998,29.3,45.0,0.8,0,0.0,-0.002178649237472767,-2.0,1.9956427015250546
896,Summer,28.4,28.75,29.1,46.0,0.82,0,0.0,-0.002178649237472767,-2.0,1.9956427015250546
897,Summer,29.1,29.25,29.4,47.0,0.7,1,0.0,-0.002178649237472767,-2.0,1.9956427015250546
898,Summer,29.07,29.634999999999998,30.2,49.0,0.3,0,0.0,-0.002178649237472767,-2.0,1.9956427015250546
899,Summer,29.15,30.275,30.4,45.0,0.5,0,0.0,-0.002178649237472767,-2.0,1.9956427015250546
900,Summer,29.85,30.845,31.84,45.0,0.45,0,2.0,1.9978213507625273,-8.196568423990414e-17,3.0
901,Summer,28.58,28.939999999999998,29.3,45.0,0.8,0,1.0,0.9978213507625272,-1.0,2.9956427015250546
902,Summer,28.4,28.75,29.1,46.0,0.82,1,0.0,-0.002178649237472767,-2.0,1.9956427015250546
903,Summer,29.1,29.25,29.4,47.0,0.7,1,1.0,0.9978213507625272,-1.0,2.9956427015250546
904,Summer,29.07,29.634999999999998,30.2,49.0,0.3,0,1.0,0.9978213507625272,-1.0,2.9956427015250546
905,Summer,29.15,30.275,30.4,45.0,0.5,0,0.0,-0.002178649237472767,-2.0,1.9956427015250546
906,Summer,29.85,30.845,31.84,45.0,0.45,2,2.0,1.9978213507625273,-8.196568423990414e-17,3.0
907,Summer,28.4,30.119999999999997,29.84,46.0,0.8,0,1.0,0.9978213507625272,-1.0,2.9956427015250546
908,Summer,28.5,28.85,29.2,37.0,0.37,0,1.0,0.9978213507625272,-1.0,2.9956427015250546
909,Summer,28.4,28.9,29.4,36.0,0.9,0,1.0,0.9978213507625272,-1.0,2.9956427015250546
910,Summer,28.8,29.25,29.7,38.0,0.7,0,1.0,0.9978213507625272,-1.0,2.9956427015250546
911,Summer,28.7,29.4,30.1,39.0,0.6,0,0.0,-0.002178649237472767,-2.0,1.9956427015250546
912,Summer,34.2,35.3,35.4,34.0,0.56,0,0.0,-0.002178649237472767,-2.0,1.9956427015250546
913,Summer,34.2,35.8,35.4,33.8,0.3,2,0.0,-0.002178649237472767,-2.0,1.9956427015250546
914,Summer,34.6,35.55,36.5,36.0,0.4,1,0.0,-0.002178649237472767,-2.0,1.9956427015250546
915,Summer,34.8,35.3,35.8,35.2,0.5,0,0.0,-0.002178649237472767,-2.0,1.9956427015250546
916,Summer,35.2,35.55,35.9,34.0,0.6,1,0.0,-0.002178649237472767,-2.0,1.9956427015250546
917,Summer,35.0,35.7,36.4,34.2,0.41,0,1.0,0.9978213507625272,-1.0,2.9956427015250546
918,Summer,35.4,36.2,37.0,33.8,0.38,0,0.0,-0.002178649237472767,-2.0,1.9956427015250546
