RATemp,MRT,Top,Air Velo,RH,Given Final TSV,TSV_Predicted_raw,TSV_Predicted,TSV_Lower,TSV_Upper
25.94,26.2,26.07,0.28,36.55,0,0.06090114710871786,0.06119742041488739,-1.1474513494971808,1.2698461903269553
25.84,26.5,26.17,0.26,36.31,0,0.041036093679829966,0.0413323669859995,-1.1673164029260685,1.2499811368980676
25.84,25.7,25.77,0.26,36.52,0,-0.04327253440044432,-0.042976261094274784,-1.2516250310063428,1.1656725088177933
25.88,27.3,26.59,0.28,36.14,0,0.09882375211219285,0.09912002541836239,-1.1095287444937056,1.3077687953304304
26.19,27.4,26.795,0.28,36.85,0,0.09750549162610522,0.09780176493227476,-1.1108470049797934,1.3064505348443427
26.21,26.5,26.355,0.26,36.18,0,0.07950665461943801,0.07980292792560754,-1.1288458419864604,1.2884516978376757
26.31,27.2,26.755,0.28,36.52,0,0.1130468818077705,0.11334315511394004,-1.095305614798128,1.3219919250260082
25.94,26.2,26.07,0.28,36.55,0,0.045445083158283106,0.04574135646445264,-1.1629074134476154,1.2543901263765207
25.84,26.5,26.17,0.26,36.31,0,-0.002899278321166765,-0.0026030050149972303,-1.2112517749270653,1.2060457648970708
25.84,25.7,25.77,0.26,36.52,0,0.012168812301969534,0.012465085608139068,-1.196183684303929,1.221113855520207
25.88,27.3,26.59,0.28,36.14,0,0.08231206490705223,0.08260833821322176,-1.1260404316988464,1.2912571081252897
26.19,27.4,26.795,0.28,36.85,0,0.15414526489750746,0.154441538203677,-1.054207231708391,1.363090308115745
26.21,26.5,26.355,0.26,36.18,0,0.09920938651530825,0.09950565982147778,-1.1091431100905902,1.308154429733546
26.31,27.2,26.755,0.28,36.52,1,0.10845926438934889,0.10875553769551842,-1.0998932322165496,1.3174043076075865
25.94,26.2,26.07,0.28,36.55,-1,0.05629394091553519,0.056590214221704724,-1.1520585556903633,1.2652389841337728
25.84,26.5,26.17,0.26,36.31,-1,0.050397688048198774,0.05069396135436831,-1.1579548085576998,1.2593427312664363
25.84,25.7,25.77,0.26,36.52,0,0.010655086979066364,0.010951360285235898,-1.1976974096268322,1.2196001301973038
25.88,27.3,26.59,0.28,36.14,0,0.07315537768137403,0.07345165098754357,-1.1351971189245245,1.2821004208996116
26.19,27.4,26.795,0.28,36.85,0,0.12630200813057674,0.12659828143674628,-1.0820504884753217,1.3352470513488144
26.21,26.5,26.355,0.26,36.18,0,0.10194709812160868,0.10224337142777822,-1.1064053984842899,1.3108921413398462
26.31,27.2,26.755,0.28,36.52,0,0.08507241786002728,0.08536869116619682,-1.1232800787458712,1.2940174610782649
25.94,26.2,26.07,0.28,36.55,0,0.027704413863867572,0.028000687170037106,-1.180648082742031,1.2366494570821052
25.84,26.5,26.17,0.26,36.31,0,0.050397688048198774,0.05069396135436831,-1.1579548085576998,1.2593427312664363
25.84,25.7,25.77,0.26,36.52,0,-0.04298305975034211,-0.04268678644417258,-1.2513355563562407,1.1659619834678954
25.88,27.3,26.59,0.28,36.14,1,0.08231206490705223,0.08260833821322176,-1.1260404316988464,1.2912571081252897
26.19,27.4,26.795,0.28,36.85,0,0.10828769899304608,0.10858397229921561,-1.1000647976128524,1.3172327422112837
26.21,26.5,26.355,0.26,36.18,1,0.029689775928295248,0.02998604923446478,-1.1786627206776032,1.2386348191465328
26.31,27.2,26.755,0.28,36.52,1,0.0816430548707004,0.08193932817686993,-1.1267094417351982,1.290588098088938
25.94,26.2,26.07,0.28,36.55,1,0.045445083158283106,0.04574135646445264,-1.1629074134476154,1.2543901263765207
25.84,26.5,26.17,0.26,36.31,0,0.036377757384025045,0.03667403069019458,-1.1719747392218736,1.2453228006022625
25.84,25.7,25.77,0.26,36.52,0,-0.014342652156318803,-0.014046378850149269,-1.2226951487622173,1.1946023910619188
25.88,27.3,26.59,0.28,36.14,0,0.03211820784106845,0.03241448114723798,-1.17623428876483,1.241063251059306
26.19,27.4,26.795,0.28,36.85,0,0.09339084151615173,0.09368711482232127,-1.1149616550897468,1.3023358847343893
26.21,26.5,26.355,0.26,36.18,0,0.07950665461943801,0.07980292792560754,-1.1288458419864604,1.2884516978376757
26.31,27.2,26.755,0.28,36.52,0,0.08507241786002728,0.08536869116619682,-1.1232800787458712,1.2940174610782649
25.94,26.2,26.07,0.28,36.55,0,0.020136688450485996,0.02043296175665553,-1.1882158081554126,1.2290817316687235
25.84,26.5,26.17,0.26,36.31,0,0.006731355564634445,0.0070276288708039794,-1.201621141041264,1.215676398782872
25.84,25.7,25.77,0.26,36.52,0,-0.015334608683624795,-0.015038335377455261,-1.2236871052895233,1.1936104345346128
25.88,27.3,26.59,0.28,36.14,0,0.09928608658974503,0.09958235989591456,-1.1090664100161536,1.3082311298079825
26.19,27.4,26.795,0.28,36.85,1,0.07798510831707378,0.07828138162324332,-1.1303673882888248,1.2869301515353113
26.21,26.5,26.355,0.26,36.18,0,0.054684168060626925,0.05498044136679646,-1.1536683285452716,1.2636292112788645
26.31,27.2,26.755,0.28,36.52,0,0.1164245204581264,0.11672079376429594,-1.091927976147772,1.325369563676364
23.5,25.4,24.45,0.45,44.0,-2,-0.22885846597171366,-0.22856219266554412,-1.4372109625776122,0.9800865772465239
24.1,25.8,24.950000000000003,0.25,42.0,-1,-0.010295707760422879,-0.009999434454253345,-1.2186482043663214,1.1986493354578147
24.6,26.4,25.5,0.35,45.0,0,-0.04046003354833638,-0.04016376024216685,-1.248812530154235,1.168485009669901
24.9,25.4,25.15,0.11,47.0,0,0.03086151019831207,0.031157783504481604,-1.1774909864075864,1.2398065534165497
25.3,25.0,25.15,0.35,48.0,0,-0.07233945785720164,-0.0720431845510321,-1.2806919544631001,1.136605585361036
25.9,26.3,26.1,0.15,49.0,0,0.11180437701040885,0.11210065031657838,-1.0965481195954896,1.3207494202286465
25.4,25.2,25.299999999999997,0.2,46.0,0,0.07514600462998,0.07544227793614953,-1.1332064919759186,1.2840910478482175
23.5,25.4,24.45,0.45,44.0,-1,-0.17900612357693235,-0.1787098502707628,-1.3873586201828307,1.0299389196413054
24.1,25.8,24.950000000000003,0.25,42.0,0,-0.031848106717387026,-0.03155183341121749,-1.2402006033232855,1.1770969365008506
24.6,26.4,25.5,0.35,45.0,0,-0.10471630658332354,-0.104420033277154,-1.3130688031892221,1.104228736634914
24.9,25.4,25.15,0.11,47.0,0,-0.0012644544587449014,-0.0009681811525753667,-1.2096169510646435,1.2076805887594926
25.3,25.0,25.15,0.35,48.0,-1,-0.004352294861480033,-0.004056021555310498,-1.2127047914673785,1.2045927483567576
25.9,26.3,26.1,0.15,49.0,0,0.12260482062765443,0.12290109393382397,-1.085747675978244,1.331549863845892
25.4,25.2,25.299999999999997,0.2,46.0,0,-0.06543208692368963,-0.06513581361752009,-1.2737845835295882,1.1435129562945479
23.5,25.4,24.45,0.45,44.0,0,-0.36066820163087465,-0.3603719283247051,-1.5690206982367731,0.8482768415873629
24.1,25.8,24.950000000000003,0.25,42.0,-1,-0.031848106717387026,-0.03155183341121749,-1.2402006033232855,1.1770969365008506
24.6,26.4,25.5,0.35,45.0,-1,-0.045882463477113444,-0.04558619017094391,-1.254234960083012,1.163062579741124
24.9,25.4,25.15,0.11,47.0,0,-0.07833821791816298,-0.07804194461199344,-1.2866907145240616,1.1306068253000745
25.3,25.0,25.15,0.35,48.0,0,-0.06854621926729754,-0.068249945961128,-1.2768987158731961,1.14039882395094
25.9,26.3,26.1,0.15,49.0,0,0.060708880809026255,0.06100515411519579,-1.1476436157968724,1.2696539240272637
25.4,25.2,25.299999999999997,0.2,46.0,0,0.02120337687722562,0.021499650183395155,-1.187149119728673,1.230148420095463
23.5,25.4,24.45,0.45,44.0,-2,-0.18323438506950473,-0.1829381117633352,-1.3915868816754031,1.025710658148733
24.1,25.8,24.950000000000003,0.25,42.0,0,-0.22219963275193488,-0.22190335944576534,-1.4305521293578334,0.9867454104663027
24.6,26.4,25.5,0.35,45.0,0,-0.04525929576683907,-0.044963022460669536,-1.2536117923727377,1.1636857474513984
24.9,25.4,25.15,0.11,47.0,0,0.02118162240251331,0.021477895708682845,-1.1871708742033853,1.2301266656207508
25.3,25.0,25.15,0.35,48.0,0,-0.050649217826490234,-0.0503529445203207,-1.2590017144323888,1.1582958253917472
25.9,26.3,26.1,0.15,49.0,1,0.10929206652125445,0.10958833982742398,-1.099060430084644,1.318237109739492
25.4,25.2,25.299999999999997,0.2,46.0,0,-0.05361658840444539,-0.05332031509827585,-1.261969085010344,1.155328454813792
23.5,25.4,24.45,0.45,44.0,-1,-0.21862414807193098,-0.21832787476576143,-1.4269766446778296,0.9903208951463066
24.1,25.8,24.950000000000003,0.25,42.0,0,-0.22219963275193488,-0.22190335944576534,-1.4305521293578334,0.9867454104663027
24.6,26.4,25.5,0.35,45.0,-1,-0.03884876412639038,-0.038552490820220844,-1.2472012607322889,1.1700962790918472
24.9,25.4,25.15,0.11,47.0,0,-0.08386042643174318,-0.08356415312557365,-1.2922129230376418,1.1250846167864943
25.3,25.0,25.15,0.35,48.0,0,-0.0607388181776608,-0.06044254487149127,-1.2690913147835594,1.1482062250405767
25.9,26.3,26.1,0.15,49.0,0,0.12301883571441036,0.12331510902057989,-1.085333660891488,1.331963878932648
25.4,25.2,25.299999999999997,0.2,46.0,0,0.016313506548942924,0.016609779855112458,-1.1920389900569557,1.2252585497671804
23.5,25.4,24.45,0.45,44.0,1,-0.21862414807193098,-0.21832787476576143,-1.4269766446778296,0.9903208951463066
24.1,25.8,24.950000000000003,0.25,42.0,0,-0.16737112416688438,-0.16707485086071483,-1.3757236207727828,1.0415739190513533
24.6,26.4,25.5,0.35,45.0,1,-0.10239262587314335,-0.10209635256697382,-1.3107451224790418,1.1065524173450942
24.9,25.4,25.15,0.11,47.0,0,0.031394140463613995,0.03169041376978353,-1.1769583561422845,1.2403391836818516
25.3,25.0,25.15,0.35,48.0,0,-0.11773540451545139,-0.11743913120928186,-1.32608790112135,1.091209638702786
25.9,26.3,26.1,0.15,49.0,0,0.16017303807366912,0.16046931137983866,-1.0481794585322293,1.3691180812919068
25.4,25.2,25.299999999999997,0.2,46.0,1,-0.05966177534262718,-0.05936550203645764,-1.2680142719485257,1.1492832678756104
23.5,25.4,24.45,0.45,44.0,0,-0.3192010954037767,-0.3189048220976072,-1.5275535920096752,0.8897439478144609
24.1,25.8,24.950000000000003,0.25,42.0,0,-0.22219963275193488,-0.22190335944576534,-1.4305521293578334,0.9867454104663027
24.6,26.4,25.5,0.35,45.0,1,-0.03884876412639038,-0.038552490820220844,-1.2472012607322889,1.1700962790918472
24.9,25.4,25.15,0.11,47.0,0,-0.0012644544587449014,-0.0009681811525753667,-1.2096169510646435,1.2076805887594926
25.3,25.0,25.15,0.35,48.0,0,-0.0607388181776608,-0.06044254487149127,-1.2690913147835594,1.1482062250405767
25.9,26.3,26.1,0.15,49.0,0,0.11505754434718596,0.11535381765335549,-1.0932949522587125,1.3240025875654235
25.4,25.2,25.299999999999997,0.2,46.0,1,-0.053908127433494935,-0.0536118541273254,-1.2622606240393934,1.1550369157847427
25.2,26.7,25.95,0.24,47.0,1,0.03916155743588379,0.03945783074205332,-1.1691909391700148,1.2481066006541213
28.4,29.2,28.799999999999997,0.68,32.0,1,0.327371161119092,0.32766743442526153,-0.8809813354868066,1.5363162043373295
28.2,30.1,29.15,0.65,36.0,0,0.31798853280269307,0.3182848061088626,-0.8903639638032055,1.5269335760209306
28.1,29.4,28.75,0.62,36.0,0,0.27976632791422545,0.280062601220395,-0.928586168691673,1.488711371132463
28.0,28.6,28.3,0.45,35.0,1,0.17969750166306941,0.17999377496923896,-1.028654994942829,1.3886425448813071
27.9,27.0,27.45,0.41,34.0,0,0.13071211825827234,0.13100839156444188,-1.0776403783476263,1.3396571614765098
28.2,27.5,27.85,0.42,35.0,0,0.2027553258294073,0.20305159913557685,-1.0055971707764912,1.4117003690476448
28.5,29.4,28.95,0.45,36.0,0,0.279162420451857,0.27945869375802657,-0.9291900761540415,1.4881074636700946
28.4,29.2,28.799999999999997,0.7,32.0,0,0.27968166314853105,0.2799779364547006,-0.9286708334573675,1.4886267063667686
28.2,30.1,29.15,0.65,36.0,0,0.33506644827440907,0.3353627215805786,-0.8732860483314895,1.5440114914926466
28.1,29.4,28.75,0.62,36.0,0,0.25331617246884064,0.2536124457750102,-0.9550363241370579,1.4622612156870782
28.0,28.6,28.3,0.45,35.0,1,0.18879449842352158,0.18909077172969113,-1.019557998182377,1.397739541641759
27.9,27.0,27.45,0.41,34.0,0,0.15504792583478538,0.15534419914095493,-1.053304570771113,1.363992969053023
28.2,27.5,27.85,0.42,35.0,0,0.21678615957441016,0.2170824328805797,-0.9915663370314883,1.4257312027926479
28.5,29.4,28.95,0.45,36.0,0,0.2559488859080483,0.25624515921421787,-0.9524036106978502,1.464893929126286
28.4,29.2,28.799999999999997,0.7,32.0,1,0.2792220249346419,0.2795182982408114,-0.9291304716712566,1.4881670681528796
28.2,30.1,29.15,0.65,36.0,0,0.29193293186218827,0.2922292051683578,-0.9164195647437102,1.5008779750804258
28.1,29.4,28.75,0.62,36.0,0,0.25331617246884064,0.2536124457750102,-0.9550363241370579,1.4622612156870782
28.0,28.6,28.3,0.45,35.0,0,0.24336236263733718,0.24365863594350673,-0.9649901339685614,1.4523074058555747
27.9,27.0,27.45,0.41,34.0,0,0.13833466958714002,0.13863094289330957,-1.0700178270187584,1.3472797128053777
28.2,27.5,27.85,0.42,35.0,0,0.1768546461340712,0.17715091944024075,-1.0314978504718273,1.3857996893523088
28.5,29.4,28.95,0.45,36.0,1,0.24933016774359623,0.24962644104976578,-0.9590223288623023,1.4582752109618338
28.4,29.2,28.799999999999997,0.7,32.0,0,0.3697971945026334,0.3700934678088029,-0.8385553021032651,1.578742237720871
29.5,30.1,29.8,0.4,43.0,0,0.3716983832753684,0.37199465658153796,-0.8366541133305301,1.580643426493606
29.6,29.4,29.5,0.35,41.0,0,0.2936809359183179,0.29397720922448745,-0.9146715606875806,1.5026259791365555
29.8,30.8,30.3,0.42,39.0,2,0.46269356214720714,0.4629898354533767,-0.7456589344586914,1.6716386053654446
29.9,30.0,28.95,0.25,40.0,0,0.416610809342889,0.41690708264905857,-0.7917416872630094,1.6255558525611267
30.1,31.6,30.85,0.3,39.0,0,0.45866322058708375,0.4589594938932533,-0.7496892760188147,1.6676082638053213
30.2,30.6,30.4,0.31,43.0,0,0.4520800656020596,0.45237633890822915,-0.7562724310038389,1.6610251088202972
29.5,30.1,29.8,0.4,41.0,1,0.30524770041524674,0.3055439737214163,-0.9031047961906518,1.5141927436334843
29.6,29.4,29.5,0.35,39.0,0,0.40797396650063467,0.4082702398068042,-0.8003785301052638,1.6169190097188721
29.8,30.8,30.3,0.42,40.0,0,0.5379889680743561,0.5382852413805257,-0.6703635285315424,1.7469340112925937
29.9,30.0,28.95,0.25,39.0,0,0.40152509036736905,0.4018213636735386,-0.8068274062385294,1.6104701335856066
30.1,31.6,30.85,0.3,39.0,0,0.4661579545214497,0.46645422782761925,-0.7421945420844488,1.6751029977396872
30.2,30.6,30.4,0.31,41.0,1,0.3959917241482626,0.39628799745443216,-0.8123607724576358,1.6049367673665003
29.5,30.1,29.8,0.4,41.0,0,0.3234735215439007,0.32376979485007024,-0.8848789750619979,1.5324185647621382
29.6,29.4,29.5,0.35,39.0,0,0.3293069368768527,0.32960321018302224,-0.8790455597290459,1.5382519800950902
29.8,30.8,30.3,0.42,40.0,2,0.4575884825751625,0.45788475588133204,-0.750764014030736,1.6665335257934002
29.9,30.0,28.95,0.25,39.0,0,0.41426768025276683,0.4145639535589364,-0.7940848163531317,1.6232127234710045
30.1,31.6,30.85,0.3,39.0,1,0.4790368499599936,0.4793331232661632,-0.7293156466459049,1.687981893178231
30.2,30.6,30.4,0.31,41.0,0,0.36639053973457775,0.3666868130407473,-0.8419619568713208,1.5753355829528153
29.5,30.1,29.8,0.4,41.0,0,0.29220828207101,0.29250455537717956,-0.9161442145348885,1.5011533252892475
29.6,29.4,29.5,0.35,39.0,0,0.32118521257816757,0.3214814858843371,-0.8871672840277309,1.5301302557964052
29.8,30.8,30.3,0.42,40.0,0,0.4074634235050378,0.40775969681120733,-0.8008890731008607,1.6164084667232754
29.9,30.4,28.95,0.25,39.0,1,0.3807344076365903,0.3810306809427598,-0.8276180889693082,1.589679450854828
30.1,31.6,30.85,0.3,39.0,0,0.43115405391793693,0.4314503272241065,-0.7771984426879616,1.6400990971361744
30.2,30.6,30.4,0.31,41.0,0,0.34774092514342325,0.3480371984495928,-0.8606115714624752,1.556685968361661
30.2,30.6,30.4,0.31,41.0,0,0.4294307052632781,0.42972697856944764,-0.7789217913426204,1.6383757484815158
29.5,28.4,28.95,0.75,44.0,0,0.2579947521945759,0.25829102550074545,-0.9503577444113226,1.4669397954128134
29.4,30.4,29.9,0.69,43.0,1,0.3047874885371453,0.30508376184331487,-0.9035650080687532,1.513732531755383
29.8,29.4,29.6,0.52,46.0,1,0.37698363500502574,0.3772799083111953,-0.8313688616008728,1.5859286782232633
30.0,31.2,30.6,0.48,43.0,0,0.4363926472867219,0.43668892059289144,-0.7719598493191766,1.6453376905049595
29.5,28.4,28.95,0.25,46.0,1,0.33305882588323166,0.3333550991894012,-0.8752936707226668,1.5420038691014692
30.1,29.8,29.950000000000003,0.11,44.0,0,0.6066052356519531,0.6069015089581227,-0.6017472609539454,1.8155502788701907
29.7,29.2,29.45,0.21,42.0,0,0.26539950544071955,0.2656957787468891,-0.9429529911651789,1.4743445486589573
29.5,28.4,28.95,0.75,44.0,0,0.3090852626819848,0.3093815359881543,-0.8992672339239137,1.5180303059002225
29.4,30.4,29.9,0.69,43.0,0,0.40466379227124305,0.4049600655774126,-0.8036887043346554,1.6136088354894806
29.8,29.4,29.6,0.52,46.0,1,0.38233129740793204,0.3826275707141016,-0.8260211991979665,1.5912763406261696
30.0,31.2,30.6,0.48,43.0,0,0.4796412886786148,0.4799375619847843,-0.7287112079272837,1.6885863318968524
29.5,28.4,28.95,0.25,46.0,0,0.3424758171606239,0.34277209046679347,-0.8658766794452746,1.5514208603788615
30.1,29.8,29.950000000000003,0.11,44.0,0,0.5687873522327007,0.5690836255388703,-0.6395651443731978,1.7777323954509383
29.7,29.2,29.45,0.21,42.0,1,0.3310193754468638,0.3313156487530333,-0.8773331211590347,1.5399644186651014
29.5,28.4,28.95,0.75,44.0,0,0.34200573528114026,0.3423020085873098,-0.8663467613247582,1.550950778499378
29.4,30.4,29.9,0.69,43.0,0,0.3811330185855194,0.38142929189168895,-0.8272194780203791,1.5900780618037569
29.8,29.4,29.6,0.52,46.0,0,0.38233129740793204,0.3826275707141016,-0.8260211991979665,1.5912763406261696
30.0,31.2,30.6,0.48,43.0,1,0.4088494077467502,0.40914568105291976,-0.7995030888591483,1.6177944509649878
29.5,28.4,28.95,0.25,46.0,0,0.34562608775991976,0.3459223610660893,-0.8627264088459787,1.5545711309781574
30.1,29.8,29.950000000000003,0.11,44.0,2,0.3328040311696001,0.33310030447576966,-0.8755484654362984,1.5417490743878377
29.7,29.2,29.45,0.21,42.0,0,0.33759225227570333,0.3378885255818729,-0.8707602443301952,1.546537295493941
29.5,28.4,28.95,0.75,44.0,0,0.33814128200660415,0.3384375553127737,-0.8702112145992944,1.5470863252248417
29.4,30.4,29.9,0.69,43.0,0,0.37260682638656006,0.3729030996927296,-0.8357456702193384,1.5815518696047977
29.8,29.4,29.6,0.52,46.0,1,0.44066376626342113,0.4409600395695907,-0.7676887303424773,1.6496088094816588
30.0,31.2,30.6,0.48,43.0,0,0.5223362059619127,0.5226324792680822,-0.6860162906439858,1.7312812491801504
29.5,28.4,28.95,0.25,46.0,1,0.27246555473921824,0.2727618280453878,-0.9358869418666802,1.4814105979574559
30.1,29.8,29.950000000000003,0.11,44.0,0,0.48640055580033614,0.4866968291065057,-0.7219519408055624,1.6953455990185737
29.7,29.2,29.45,0.21,42.0,0,0.3374488287168068,0.33774510202297636,-0.8709036678890917,1.5463938719350443
29.5,28.4,28.95,0.75,44.0,0,0.34200573528114026,0.3423020085873098,-0.8663467613247582,1.550950778499378
29.4,30.4,29.9,0.69,43.0,0,0.3304068542540499,0.33070312756021947,-0.8779456423518486,1.5393518974722875
29.8,29.4,29.6,0.52,46.0,0,0.38233129740793204,0.3826275707141016,-0.8260211991979665,1.5912763406261696
30.0,31.2,30.6,0.48,43.0,1,0.3931077864683832,0.39340405977455273,-0.8152447101375153,1.6020528296866208
29.5,28.4,28.95,0.25,46.0,0,0.36115966928135573,0.3614559425875253,-0.8471928273245428,1.5701047124995933
30.1,29.8,29.950000000000003,0.11,44.0,2,0.3510748907451645,0.35137116405133406,-0.857277605860734,1.5600199339634022
29.7,29.2,29.45,0.21,42.0,0,0.26539950544071955,0.2656957787468891,-0.9429529911651789,1.4743445486589573
29.5,28.4,28.95,0.75,44.0,0,0.2776788325952972,0.27797510590146673,-0.9306736640106013,1.4866238758135348
29.4,30.4,29.9,0.69,43.0,1,0.35504164133532923,0.3553379146414988,-0.8533108552705693,1.5639866845535668
29.8,29.4,29.6,0.52,46.0,0,0.38233129740793204,0.3826275707141016,-0.8260211991979665,1.5912763406261696
30.0,31.2,30.6,0.48,43.0,0,0.5223362059619127,0.5226324792680822,-0.6860162906439858,1.7312812491801504
29.5,28.4,28.95,0.25,46.0,0,0.3575401430695827,0.35783641637575225,-0.8508123535363158,1.5664851862878204
30.1,29.8,29.950000000000003,0.11,44.0,0,0.589201281054392,0.5894975543605615,-0.6191512155515065,1.7981463242726297
29.5,29.2,29.35,0.5,44.0,0,0.31891609340103594,0.3192123667072055,-0.8894364032048625,1.5278611366192736
29.7,30.5,31.1,0.4,44.5,1,0.36980170335789475,0.3700979766640643,-0.8385507932480037,1.5787467465761322
29.0,30.5,29.75,0.3,43.8,0,0.2826920747106281,0.2829883480167977,-0.9256604218952704,1.4916371179288657
29.9,30.2,30.049999999999997,0.4,44.2,1,0.45845027686915757,0.4587465501753271,-0.7499022197367409,1.6673953200873952
29.6,29.5,29.55,0.5,44.2,0,0.34455186995849074,0.3448481432646603,-0.8638006266474078,1.5534969131767284
30.2,30.5,31.35,0.5,41.5,1,0.4550650605768387,0.45536133388300826,-0.7532874360290598,1.6640101037950763
30.2,30.5,31.35,0.4,41.6,0,0.4736565938147529,0.47395286712092244,-0.7346959027911456,1.6826016370329904
29.5,30.8,30.15,0.5,44.0,0,0.39789516040799155,0.3981914337141611,-0.8104573361979069,1.6068402036262293
29.7,30.5,31.1,0.4,44.5,0,0.421107010264087,0.4214032835702565,-0.7872454863418115,1.6300520534823246
29.0,30.5,29.75,0.3,43.8,0,0.34991289460851066,0.3502091679146802,-0.8584396019973879,1.5588579378267482
29.9,30.2,30.049999999999997,0.4,44.2,0,0.4656998108891565,0.46599608419532607,-0.7426526857167419,1.6746448541073942
29.6,29.5,29.55,0.5,44.2,1,0.37305139643698515,0.3733476697431547,-0.8353011001689133,1.5819964396552226
30.2,31.5,31.35,0.5,41.5,0,0.4266426759940113,0.42693894930018084,-0.7817098206118872,1.635587719212249
30.2,31.5,31.35,0.4,41.6,0,0.49412101223042404,0.4944172855365936,-0.7142314843754745,1.7030660554486616
29.5,30.8,30.15,0.5,44.0,0,0.39553685879924116,0.3958331321054107,-0.8128156378066573,1.6044819020174788
29.7,31.5,31.1,0.4,44.5,0,0.471002567450947,0.47129884075711653,-0.7373499291549515,1.6799476106691846
29.0,30.5,29.75,0.3,43.8,1,0.25288068684611076,0.2531769601522803,-0.9554718097597877,1.4618257300643482
29.9,30.2,30.049999999999997,0.4,44.2,0,0.45845027686915757,0.4587465501753271,-0.7499022197367409,1.6673953200873952
29.6,29.5,29.55,0.5,44.2,1,0.29380966497869454,0.2941059382848641,-0.914542831627204,1.5027547081969321
30.2,31.2,31.35,0.5,41.5,0,0.4269100170539689,0.42720629036013846,-0.7814424795519296,1.6358550602722066
30.2,31.0,31.35,0.4,41.6,0,0.4729675172685814,0.47326379057475093,-0.7353849793373171,1.681912560486819
29.9,30.8,30.35,0.4,44.2,0,0.42057931755060307,0.4208755908567726,-0.7877731790552954,1.6295243607688406
30.2,29.8,30.0,0.5,41.5,0,0.4982618882869835,0.498558161593153,-0.710090608318915,1.7072069315052212
30.8,31.4,31.1,0.5,40.0,0,0.47239183607193097,0.4726881093781005,-0.7359606605339675,1.6813368792901686
30.7,30.5,30.6,0.7,42.0,1,0.44982394678135873,0.4501202200875283,-0.7585285498245398,1.6587689899995963
30.5,31.4,30.95,0.75,42.0,0,0.40371159982088217,0.4040078731270517,-0.8046408967850163,1.6126566430391198
30.7,30.2,30.45,0.9,44.0,2,0.40335935898327463,0.4036556322894442,-0.8049931376226238,1.6123044022015123
30.6,31.2,30.9,1.2,45.0,0,0.4836845930480679,0.4839808663542374,-0.7246679035578306,1.6926296362663056
31.2,31.5,32.35,1.1,44.8,2,0.7505611021995893,0.7508573755057588,-0.4577913944063092,1.9595061454178269
31.2,31.5,32.35,0.98,45.0,2,0.6987850900583332,0.6990813633645028,-0.5095674065475653,1.9077301332765708
31.4,32.4,31.9,0.87,45.0,2,0.5986810436985565,0.598977317004726,-0.609671452907342,1.8076260869167942
30.8,31.4,31.1,0.5,40.0,0,0.44118123347245686,0.4414775067786264,-0.7671712631334416,1.6501262766906946
30.7,30.5,30.6,0.7,42.0,0,0.4377801520278446,0.43807642533401414,-0.7705723445780539,1.6467251952460822
30.5,31.4,30.95,0.75,42.0,0,0.38248869201652214,0.3827849653226917,-0.8258638045893764,1.5914337352347596
30.7,30.2,30.45,0.9,44.0,0,0.4248671560382167,0.4251634293443862,-0.7834853405676818,1.6338121992564543
30.6,31.2,30.9,1.2,45.0,1,0.38710653790307104,0.3874028112092406,-0.8212459587028275,1.5960515811213085
31.2,32.5,32.35,1.1,44.8,0,1.1333884010590385,1.133684674365208,-0.07496409554686001,2.3423334442772763
31.2,32.5,32.35,0.98,45.0,0,1.1366430157274094,1.136939289033579,-0.07170948087848905,2.345588058945647
31.4,32.4,31.9,0.87,45.0,2,0.5797233398826168,0.5800196131887864,-0.6286291567232817,1.7886683831008545
30.8,31.4,31.1,0.5,40.0,0,0.489033360686975,0.48932963399314455,-0.7193191359189235,1.6979784039052126
30.7,30.5,30.6,0.7,42.0,0,0.46629444977638784,0.4665907230825574,-0.7420580468295106,1.6752394929946255
30.5,31.4,30.95,0.75,42.0,0,0.47272584164347675,0.4730221149496463,-0.7356266549624217,1.6816708848617143
30.7,30.2,30.45,0.9,44.0,0,0.4649037088339457,0.46519998214011526,-0.7434487877719528,1.6738487520521832
30.6,31.2,30.9,1.2,45.0,1,0.46022463832116334,0.4605209116273329,-0.7481278582847352,1.669169681539401
31.2,32.5,32.35,1.1,44.8,2,0.7197557039054401,0.7200519772116096,-0.4885967927004584,1.9287007471236777
31.2,32.7,32.35,0.98,45.0,0,0.8920833925472753,0.8923796658534449,-0.3162691040586232,2.101028435765513
31.4,32.4,31.9,0.87,45.0,0,0.9995176398036777,0.9998139131098472,-0.2088348568022208,2.2084626830219154
30.8,31.4,31.1,0.5,40.0,0,0.45814710139385983,0.4584433747000294,-0.7502053952120387,1.6670921446120974
30.7,30.5,30.6,0.7,42.0,0,0.4442846867774428,0.44458096008361236,-0.7640678098284557,1.6532297299956804
30.5,31.4,30.95,0.75,42.0,0,0.4900952701797006,0.49039154348587016,-0.7182572264261979,1.6990403133979382
30.7,30.2,30.45,0.9,44.0,0,0.4248671560382167,0.4251634293443862,-0.7834853405676818,1.6338121992564543
30.6,31.2,30.9,1.2,45.0,0,0.38710653790307104,0.3874028112092406,-0.8212459587028275,1.5960515811213085
31.2,32.5,32.35,1.1,44.8,2,0.7220129068811866,0.7223091801873561,-0.4863395897247119,1.9309579500994243
34.2,33.5,33.85,0.94,38.0,2,0.7680826011986653,0.7683788745048349,-0.44026989540723316,1.977027644416903
32.5,32.4,32.45,0.52,39.0,2,0.9383100665759925,0.938606339882162,-0.270042430029906,2.14725510979423
33.8,35.6,34.7,0.58,37.0,1,0.6186183908959217,0.6189146642020913,-0.5897341057099768,1.8275634341141593
33.6,33.4,33.5,0.7,39.0,0,1.137716134748239,1.1380124080544085,-0.07063636185765954,2.3466611779664763
33.8,32.1,32.95,0.9,41.0,2,1.0167689909394333,1.0170652642456028,-0.1915835056664652,2.225714034157671
33.4,32.8,33.099999999999994,0.92,40.0,0,1.139437397951012,1.1397336712571815,-0.06891509865488654,2.3483824411692495
34.2,35.4,34.8,0.94,38.0,0,1.0256969089488972,1.0259931822550667,-0.1826555876570013,2.234641952167135
34.2,35.4,34.8,0.52,39.0,1,0.8718188862236227,0.8721151595297922,-0.3365336103822758,2.0807639294418605
32.5,31.4,31.95,0.58,37.0,0,0.7802874329144172,0.7805837062205867,-0.42806506369148134,1.9892324761326547
33.8,35.6,34.7,0.7,39.0,1,1.0163421651514124,1.016638438457582,-0.1920103314544861,2.22528720836965
33.6,33.4,33.5,0.9,41.0,2,0.8610083274193001,0.8613046007254697,-0.3473441691865984,2.0699533706375375
33.8,32.1,32.95,0.92,40.0,0,0.9739679525669542,0.9742642258731238,-0.23438454403894426,2.182912995785192
33.4,32.8,33.099999999999994,0.94,38.0,2,1.1026887946542399,1.1029850679604094,-0.10566370195165864,2.3116338378724777
34.2,35.4,34.8,0.52,39.0,0,0.6841818086332493,0.6844780819394188,-0.5241706879726492,1.8931268518514868
34.2,35.4,34.8,0.58,37.0,0,0.7176642197984685,0.717960493104638,-0.49068827680743,1.9266092630167062
32.5,31.4,31.95,0.7,39.0,0,1.0687254003330722,1.0690216736392417,-0.13962709627282632,2.27767044355131
33.8,35.6,34.7,0.9,41.0,1,1.3262846626977554,1.326580936003925,0.11793216609185686,2.535229705915993
33.6,33.4,33.5,0.92,40.0,0,0.9162840066054831,0.9165802799116527,-0.29206849000041535,2.1252290498237207
33.8,32.1,32.95,0.94,38.0,2,0.9421447854652102,0.9424410587713797,-0.2662077111406883,2.151089828683448
33.4,32.8,33.099999999999994,0.52,39.0,0,0.9843242332551899,0.9846205065613595,-0.22402826335070858,2.1932692764734276
34.2,35.4,34.8,0.58,37.0,1,0.5368327468751228,0.5371290201812924,-0.6715197497307757,1.7457777900933604
34.2,35.4,34.8,0.7,39.0,0,0.9921956671640022,0.9924919404701718,-0.2161568294418963,2.20114071038224
32.5,31.4,31.95,0.9,41.0,0,0.8491807552011295,0.849477028507299,-0.35917174140476904,2.058125798419367
33.8,35.6,34.7,0.92,40.0,0,1.1079219532156268,1.1082182265217964,-0.10043054339027169,2.3168669964338644
33.6,33.4,33.5,0.94,38.0,0,0.9802272702055055,0.980523543511675,-0.228125226400393,2.189172313423743
33.8,32.1,32.95,0.52,39.0,2,0.8814034661919816,0.8816997394981512,-0.3269490304139169,2.0903485094102194
33.4,32.8,33.099999999999994,0.58,37.0,0,1.0224568535823182,1.0227531268884877,-0.1858956430235803,2.2314018968005556
34.2,35.4,34.8,0.7,39.0,1,0.9761650975721474,0.976461370878317,-0.23218739903375107,2.185110140790385
34.2,35.4,34.8,0.9,41.0,0,1.3266778830856902,1.3269741563918598,0.11832538647979174,2.535622926303928
32.5,31.4,31.95,0.92,40.0,2,0.7708115208718662,0.7711077941780358,-0.4375409757340323,1.9797565640901038
33.8,35.6,34.7,0.94,38.0,2,0.9459411851469366,0.9462374584531061,-0.2624113114589619,2.154886228365174
33.6,33.4,33.5,0.52,39.0,0,0.9475449600071009,0.9478412333132704,-0.26080753659879763,2.1564900032253385
33.8,32.1,32.95,0.58,37.0,0,0.9987986412272245,0.999094914533394,-0.209553855378674,2.207743684445462
33.4,32.8,33.099999999999994,0.7,39.0,2,1.244613486505778,1.2449097598119476,0.03626098989987958,2.453558529724016
34.2,35.4,34.8,0.9,41.0,2,0.9107594946247619,0.9110557679309315,-0.2975930019811366,2.1197045378429995
34.2,35.4,34.8,0.92,40.0,0,1.1011742088116798,1.1014704821178494,-0.10717828779421867,2.310119252029917
32.5,31.4,31.95,0.94,38.0,0,0.8594857321465005,0.85978200545267,-0.348866764459398,2.068430775364738
33.8,35.6,34.7,0.52,39.0,0,0.8467917747261583,0.8470880480323278,-0.3615607218797402,2.0557368179443958
33.6,33.4,33.5,0.58,37.0,0,0.73521761855018,0.7355138918563495,-0.4731348780557185,1.9441626617684176
33.8,32.1,32.95,0.7,39.0,2,1.0562637388658014,1.056560012171971,-0.1520887577400971,2.2652087820840388
33.4,32.8,33.099999999999994,0.9,41.0,2,0.9689939227731819,0.9692901960793514,-0.23935857383271664,2.1779389659914195
34.2,35.4,34.8,0.92,40.0,1,1.0728536023552435,1.073149875661413,-0.13549889425065498,2.281798645573481
34.2,35.4,34.8,0.94,38.0,0,0.9775862489709566,0.9778825222771261,-0.2307662476349419,2.186531292189194
32.5,31.4,31.95,0.52,39.0,2,0.863694278453851,0.8639905517600206,-0.34465821815204745,2.0726393216720886
33.8,35.6,34.7,0.58,37.0,0,0.7235845046008242,0.7238807779069938,-0.48476799200507426,1.9325295478190618
33.6,33.4,33.5,0.7,39.0,0,1.1678277744420615,1.168124047748231,-0.04052472216383696,2.3767728176602994
33.8,32.1,32.95,0.9,41.0,0,1.1628541177015834,1.163150391007753,-0.04549837890431507,2.371799160919821
33.4,32.8,33.099999999999994,0.92,40.0,2,0.9377116176401796,0.9380078909463492,-0.27064087896571887,2.146656660858417
34.2,35.4,34.8,0.9,39.0,2,0.964506204663386,0.9648024779695555,-0.2438462919425125,2.1734512478816237
29.8,28.7,29.25,0.9,42.0,0,0.32862465224008314,0.3289209255462527,-0.8797278443658154,1.5375696954583207
29.9,28.4,29.15,0.88,35.0,1,0.4999632900873358,0.5002595633935053,-0.7083892065185627,1.7089083333055735
30.4,29.5,29.95,0.79,45.0,2,0.5450974019203088,0.5453936752264783,-0.6632550946855897,1.7540424451385463
30.7,31.4,31.049999999999997,0.68,42.0,0,0.4361580577170177,0.43645433102318726,-0.7721944388888808,1.6451031009352552
31.5,32.4,31.95,1.1,40.0,0,0.7746894520772847,0.7749857253834542,-0.4336630445286138,1.9836344952955223
29.8,30.2,30.0,1.0,41.0,0,0.4219897629529543,0.42228603625912386,-0.7863627336529442,1.630934806171192
30.2,29.8,30.0,0.95,42.0,1,0.40218302806710826,0.4024793013732778,-0.8061694685387902,1.611128071285346
30.4,29.8,30.1,0.8,39.0,2,0.5222245504600768,0.5225208237662463,-0.6861279461458217,1.7311695936783145
29.8,28.7,29.25,0.9,42.0,0,0.3033483330727641,0.30364460637893365,-0.9050041635331344,1.5122933762910016
29.9,28.4,29.15,0.88,35.0,1,0.3596812623978527,0.35997753570402224,-0.8486712342080458,1.5686263056160903
30.4,29.5,29.95,0.79,45.0,2,0.5189893230142877,0.5192855963204572,-0.6893631735916108,1.7279343662325253
30.7,31.4,31.049999999999997,0.68,42.0,0,0.45041843735559883,0.4507147106617684,-0.7579340592502997,1.6593634805738364
31.5,32.4,31.95,1.1,40.0,0,0.7746894520772847,0.7749857253834542,-0.4336630445286138,1.9836344952955223
29.8,30.2,30.0,1.0,41.0,0,0.3727157134609478,0.37301198676711733,-0.8356367831449507,1.5816607566791854
30.2,29.8,30.0,0.95,42.0,0,0.40824723070484215,0.4085435040110117,-0.8001052659010564,1.6171922739230797
30.4,29.8,30.1,0.8,39.0,0,0.59803824149602,0.5983345148021896,-0.6103142551098785,1.8069832847142577
29.8,28.7,29.25,0.9,42.0,1,0.3033483330727641,0.30364460637893365,-0.9050041635331344,1.5122933762910016
29.9,28.4,29.15,0.88,35.0,0,0.5245194392779038,0.5248157125840733,-0.6838330573279947,1.7334644824961414
30.4,29.5,29.95,0.79,45.0,2,0.4635284037191852,0.46382467702535474,-0.7448240928867134,1.6724734469374227
30.7,31.4,31.049999999999997,0.68,42.0,0,0.45041843735559883,0.4507147106617684,-0.7579340592502997,1.6593634805738364
31.5,32.4,31.95,1.1,40.0,2,0.7012056171286121,0.7015018904347816,-0.5071468794772864,1.9101506603468497
29.8,30.2,30.0,1.0,41.0,0,0.41474764980758405,0.4150439231137536,-0.7936048467983144,1.6236926930258218
30.2,29.8,30.0,0.95,42.0,0,0.3834277180689077,0.38372399137507723,-0.8249247785369909,1.5923727612871452
30.4,29.8,30.1,0.8,39.0,0,0.5996605447237519,0.5999568180299214,-0.6086919518821466,1.8086055879419893
29.8,28.7,29.25,0.9,42.0,1,0.3436605756799692,0.34395684898613876,-0.8646919209259293,1.5526056188982067
29.9,28.4,29.15,0.88,35.0,1,0.4610247543604257,0.4613210276665953,-0.7473277422454727,1.6699697975786634
30.4,29.5,29.95,0.79,45.0,0,0.5726120165257873,0.5729082898319569,-0.6357404800801112,1.781557059744025
30.7,31.4,31.049999999999997,0.68,42.0,0,0.3857724510727919,0.38606872437896145,-0.8225800455331066,1.5947174942910296
31.5,32.4,31.95,1.1,40.0,0,0.8081835667192689,0.8084798400254385,-0.40016892988662955,2.0171286099375063
29.8,30.2,30.0,1.0,41.0,1,0.34704415625720564,0.3473404295633752,-0.8613083403486929,1.5559891994754431
30.2,29.8,30.0,0.95,42.0,1,0.3645230913418144,0.3648193646479839,-0.8438294052640841,1.573468134560052
30.4,29.8,30.1,0.8,39.0,0,0.5501530007833714,0.5504492740895409,-0.6581994958225271,1.7590980440016089
32.8,34.1,33.45,0.87,42.0,2,0.94309320486871,0.9433894781748795,-0.26525929173718854,2.1520382480869475
29.8,30.7,30.25,0.92,35.0,1,0.46548648063703485,0.4657827539432044,-0.7428660159688636,1.6744315238552725
30.4,32.1,31.25,0.8,39.0,1,0.7378658869675275,0.7381621602736971,-0.47048660963837097,1.946810930185765
28.5,29.5,29.5,0.71,41.0,0,0.2969498723095266,0.2972461456156961,-0.911402624296372,1.505894915527764
28.8,29.8,29.3,0.5,42.0,0,0.3122694011635322,0.31256567446970174,-0.8960830954423663,1.5212144443817697
28.8,29.8,29.3,0.8,39.0,1,0.41612980095467966,0.4164260742608492,-0.7922226956512188,1.6250748441729173
29.2,30.9,30.049999999999997,0.71,40.0,1,0.42420207145124766,0.4244983447574172,-0.7841504251546508,1.6331471146694851
29.1,30.2,29.65,1.1,36.0,0,0.3145461327007478,0.3148424060069174,-0.8938063639051507,1.5234911759189855
29.2,30.2,29.7,1.2,38.0,1,0.34119052786301424,0.3414868011691838,-0.8671619687428842,1.5501355710812519
29.4,31.2,30.299999999999997,0.9,38.0,2,0.3961228362128388,0.39641910951900833,-0.8122296603930597,1.6050678794310764
29.3,31.2,30.25,0.85,36.0,0,0.5226043757966876,0.5229006491028572,-0.6857481208092109,1.7315494190149252
32.5,33.5,31.5,0.71,41.0,1,0.8075380371869061,0.8078343104930756,-0.4008144594189924,2.016483080405144
32.8,33.8,31.299999999999997,0.5,42.0,0,1.0737294296724094,1.074025702978579,-0.13462306693348913,2.2826744728906467
32.8,33.8,31.299999999999997,0.8,39.0,2,1.0465343377872411,1.0468306110934107,-0.16181815881865735,2.255479381005479
33.2,33.9,32.05,0.71,40.0,1,0.901003079022423,0.9012993523285926,-0.30734941758347545,2.1099481222406604
33.1,33.2,31.65,1.1,36.0,0,0.8859974187714158,0.8862936920775853,-0.3223550778344827,2.0949424619896533
33.2,33.2,31.700000000000003,1.2,38.0,2,0.7380811499000102,0.7383774232061797,-0.4702713467058883,1.9470261931182478
33.3,32.5,32.25,0.9,38.0,0,1.0675722848780007,1.0678685581841703,-0.14078021172789779,2.2765173280962383
33.3,32.7,32.25,0.85,36.0,0,1.0622959704657973,1.0625922437719668,-0.14605652614010123,2.271241013684035
32.5,33.5,31.5,0.71,41.0,0,0.7623849531869672,0.7626812264931367,-0.4459675434189313,1.971329996405205
32.8,33.4,31.299999999999997,0.5,42.0,2,0.6971225430523357,0.6974188163585052,-0.5112299535535628,1.9060675862705732
32.8,33.4,31.299999999999997,0.8,39.0,2,1.1499000298611475,1.150196303167317,-0.05845246674475102,2.358845073079385
33.2,33.9,32.05,0.71,40.0,1,1.1878656066497324,1.188161879955902,-0.0204868899561661,2.39681064986797
33.1,33.4,31.65,1.1,36.0,0,0.8065117317274504,0.8068080050336199,-0.4018407648784481,2.015456774945688
33.2,34.1,31.700000000000003,1.2,38.0,2,1.003879078836114,1.0041753521422836,-0.20447341776978445,2.212824122054352
33.3,34.2,32.25,0.9,38.0,0,1.0246359878751752,1.0249322611813447,-0.18371650873072332,2.2335810310934128
33.3,34.1,32.25,0.85,36.0,1,1.1353485946132724,1.135644867919442,-0.07300390199262607,2.34429363783151
32.5,33.5,31.5,0.71,41.0,0,1.0333486000724097,1.0336448733785792,-0.1750038965334888,2.2422936432906475
32.8,33.8,31.299999999999997,0.5,42.0,2,0.9851642489202517,0.9854605222264212,-0.22318824768564682,2.1941092921384895
32.8,33.7,31.299999999999997,0.8,39.0,2,1.129670647945475,1.1299669212516446,-0.07868184866042349,2.338615691163713
33.2,33.9,32.05,0.71,40.0,0,1.0586499226388764,1.058946195945046,-0.14970257396702213,2.267594965857114
33.1,33.9,31.65,1.1,36.0,2,0.9636187490959235,0.963915022402093,-0.244733747509975,2.172563792314161
33.2,33.8,31.700000000000003,1.2,38.0,0,1.0708797787780597,1.0711760520842293,-0.13747271782783876,2.2798248219962973
33.3,34.1,32.25,0.9,38.0,1,0.9426460072478133,0.9429422805539829,-0.26570648935808516,2.1515910504660507
33.3,34.1,32.25,0.85,36.0,2,0.9559143416513916,0.9562106149575611,-0.25243815495450694,2.1648593848696294
32.5,33.5,31.5,0.71,41.0,0,0.9997298911748953,1.0000261644810648,-0.2086226054310032,2.208674934393133
32.8,33.8,31.299999999999997,0.5,42.0,2,0.7330784320739713,0.7333747053801408,-0.4752740645319272,1.942023475292209
32.8,33.8,31.299999999999997,0.8,39.0,2,0.968524778662607,0.9688210519687765,-0.2398277179432915,2.1774698218808446
33.2,34.1,32.05,0.71,40.0,2,0.9010519480382282,0.9013482213443977,-0.3073005485676703,2.109996991256466
33.1,34.1,31.65,1.1,36.0,2,1.0921768544011017,1.0924731277072712,-0.11617564220479681,2.301121897619339
33.2,34.2,31.700000000000003,1.2,38.0,0,1.058476692438659,1.0587729657448286,-0.14987580416723945,2.267421735656897
33.3,33.2,32.25,0.9,38.0,0,1.1130011693000355,1.113297442606205,-0.09535132730586304,2.321946212518273
37.35,38.2,37.775000000000006,0.6,43.5,0,2.054338849294368,2.0546351226005375,0.8459863526884694,3.2632838925126055
37.1,38.2,38.3,0.7,41.2,3,2.0901207467025333,2.0904170200087027,0.8817682500966346,3.2990657899207707
37.1,37.6,37.35,0.7,39.5,2,1.7041680909927632,1.7044643642989328,0.49581559438686473,2.9131131342110006
37.4,37.6,37.5,0.45,41.6,2,1.2357701265212067,1.2360663998273762,0.02741762991530816,2.4447151697394442
37.6,38.4,38.0,0.5,41.5,3,1.4939165728313828,1.4942128461375523,0.2855640762254843,2.7028616160496206
38.1,38.3,38.2,0.52,40.6,2,1.5406479032847151,1.5409441765908847,0.33229540667881663,2.7495929465029527
37.35,38.2,37.775000000000006,0.41,39.5,2,1.4693509669301077,1.4696472402362772,0.2609984703242092,2.6782960101483453
37.1,38.7,38.650000000000006,0.3,39.8,2,1.7996220534669694,1.799918326773139,0.5912695568610709,3.0085670966852067
37.1,38.5,38.3,0.36,39.4,2,1.7258969663336243,1.7261932396397939,0.5175444697277258,2.934842009551862
37.4,37.6,37.5,0.41,39.7,0,1.2787281418273722,1.2790244151335417,0.07037564522147366,2.48767318504561
37.6,37.6,37.6,0.65,40.4,2,1.8105133608507047,1.8108096341568742,0.6021608642448062,3.019458404068942
38.1,38.4,38.25,0.62,40.1,2,1.693820620806321,1.6941168941124904,0.4854681242004224,2.9027656640245585
37.35,38.3,37.825,0.6,43.5,3,1.2055801137425952,1.2058763870487648,-0.00277238286330328,2.414525156960833
37.1,38.2,37.650000000000006,0.7,41.2,3,1.9665168981354322,1.9668131714416017,0.7581644015295337,3.17546194135367
37.1,38.2,38.650000000000006,0.7,39.5,2,1.8379846148943233,1.8382808882004928,0.6296321182884248,3.046929658112561
37.4,38.5,38.45,0.45,41.6,3,1.981680624587717,1.9819768978938865,0.7733281279818185,3.1906256678059544
37.6,37.6,37.6,0.5,41.5,0,1.7092161460331812,1.7095124193393507,0.5008636494272827,2.9181611892514185
38.1,37.6,39.25,0.52,40.6,3,1.7553248945550717,1.7556211678612412,0.5469723979491732,2.9642699377733095
30.65,30.4,34.525,0.7,45.0,2,1.1896485165371566,1.1899447898433262,-0.018703980068741854,2.398593559755394
30.9,31.3,34.599999999999994,0.7,44.0,2,1.222609536339185,1.2229058096453544,0.014257039733286403,2.4315545795574227
30.3,31.2,34.25,0.5,43.0,2,1.023008011060231,1.0233042843664006,-0.1853444855456674,2.2319530542784687
31.1,32.2,33.150000000000006,0.6,44.0,1,0.916906640614682,0.9172029139208515,-0.29144585599121653,2.1258516838329196
31.2,32.8,33.0,0.7,44.0,2,1.1536594527675204,1.15395572607369,-0.05469304383837814,2.362604495985758
31.2,32.6,32.9,0.68,44.0,0,1.1462492149013679,1.1465454882075374,-0.06210328170453061,2.3551942581196057
30.65,32.5,31.575,0.7,45.0,0,0.6302602787131608,0.6305565520193304,-0.5780922178927377,1.8392053219313984
30.9,31.7,31.299999999999997,0.7,44.0,2,0.4032531893590189,0.40354946266518843,-0.8050993072468796,1.6121982325772564
30.3,30.6,31.950000000000003,0.5,43.0,2,0.49106226343966164,0.4913585367458312,-0.7172902331662369,1.7000073066578993
31.1,32.2,33.150000000000006,0.6,44.0,0,1.0379947462642856,1.038291019570455,-0.17035775034161293,2.246939789482523
31.2,32.8,33.0,0.7,44.0,0,1.2392307344903186,1.2395270077964882,0.030878237884420123,2.448175777708556
31.2,32.6,32.9,0.68,44.0,0,1.1770120498865417,1.1773083231927113,-0.03134044671935676,2.3859570931047793
30.65,32.5,31.575,0.7,45.0,0,0.617951358523094,0.6182476318292636,-0.5904011380828045,1.8268964017413316
30.9,31.7,31.299999999999997,0.7,44.0,2,0.5098414419457535,0.5101377152519231,-0.698511054660145,1.7187864851639911
30.3,31.6,31.950000000000003,0.5,43.0,0,0.7013495179025757,0.7016457912087453,-0.5070029787033228,1.9102945611208133
31.1,32.2,33.150000000000006,0.6,44.0,1,1.017213061508749,1.0175093348149185,-0.1911394350971496,2.2261581047269865
31.2,32.8,33.0,0.7,44.0,2,0.8946617621830548,0.8949580354892244,-0.3136907344228437,2.1036068054012924
31.2,32.4,32.9,0.68,44.0,0,1.1397032167523942,1.1399994900585637,-0.06864927985350433,2.3486482599706315
30.65,32.5,31.575,0.7,45.0,1,0.6028047581344015,0.603101031440571,-0.605547738471497,1.8117498013526392
30.9,31.7,31.299999999999997,0.7,44.0,0,0.649866204046389,0.6501624773525585,-0.5584862925595095,1.8588112472646265
30.3,30.6,31.950000000000003,0.5,43.0,2,0.6289253268517511,0.6292216001579206,-0.5794271697541474,1.8378703700699885
31.1,30.2,33.150000000000006,0.6,44.0,2,1.1435157201031303,1.1438119934092998,-0.0648367765027682,2.3524607633213677
31.2,31.8,33.0,0.7,44.0,2,0.9298355409472946,0.9301318142534641,-0.2785169556586039,2.138780584165532
32.2,33.1,33.1,0.56,39.7,2,0.9961390000312735,0.9964352733374431,-0.21221349657462496,2.205084043249511
32.2,33.95,33.1,0.75,39.8,2,1.2025403836800148,1.2028366569861844,-0.0058121129258836834,2.4114854268982526
32.4,33.8,33.099999999999994,0.68,39.5,0,1.5499128658624004,1.55020913916857,0.3415603692565019,2.758857909080638
32.5,33.85,33.175,0.71,36.3,2,1.1343454540838127,1.1346417273899823,-0.07400704252208579,2.3432904973020503
32.0,32.7,32.35,0.68,38.5,2,1.1444191037414164,1.144715377047586,-0.06393339286448207,2.3533641469596542
32.4,33.0,32.7,0.65,38.8,0,1.3503961836198415,1.350692456926011,0.142043687013943,2.559341226838079
31.6,32.2,33.1,0.56,39.7,2,0.9978388560865408,0.9981351293927103,-0.21051364051935773,2.2067838993047784
32.2,33.1,33.1,0.75,39.8,2,1.2374064459215817,1.2377027192277512,0.02905394931568317,2.4463514891398193
32.4,33.8,33.099999999999994,0.68,39.5,2,1.2302198471278936,1.230516120434063,0.021867350521995066,2.439164890346131
32.5,33.85,33.175,0.71,36.3,2,1.1951960448726093,1.1954923181787789,-0.013156451733289165,2.4041410880908467
32.0,32.7,32.35,0.68,38.5,0,1.1770877432719686,1.1773840165781382,-0.03126475333392986,2.3860327864902064
32.4,33.0,32.7,0.65,38.8,2,1.169303207431431,1.1695994807376004,-0.039049289174467594,2.3782482506496683
31.6,32.4,33.1,0.56,39.7,0,1.0369446474429993,1.0372409207491688,-0.1714078491628992,2.2458896906612367
32.2,33.95,33.1,0.75,39.8,2,1.3950804101403131,1.3953766834464827,0.18672791353441465,2.6040254533585507
32.4,33.8,33.099999999999994,0.68,39.5,2,1.415675230706444,1.4159715040126135,0.20732273410054547,2.6246202739246813
32.5,33.85,33.175,0.71,36.3,0,1.171726013658381,1.1720222869645505,-0.03662648294751758,2.3806710568766185
32.0,32.7,32.35,0.68,38.5,2,1.1741082925233253,1.1744045658294948,-0.034244204082573226,2.383053335741563
32.4,33.0,32.7,0.65,38.8,3,1.3503961836198415,1.350692456926011,0.142043687013943,2.559341226838079
31.6,32.6,33.1,0.56,39.7,2,0.9089530784746108,0.9092493517807804,-0.2993994181312877,2.1178981216928485
32.2,33.3,33.1,0.75,39.8,2,1.0945521300657233,1.0948484033718928,-0.11380036654017522,2.3034971732839606
32.4,33.8,33.099999999999994,0.68,39.5,2,1.4243055408935195,1.424601814199689,0.21595304428762097,2.633250584111757
32.5,33.85,33.175,0.71,36.3,0,1.1951960448726093,1.1954923181787789,-0.013156451733289165,2.4041410880908467
32.0,32.7,32.35,0.68,38.5,2,1.2202229488957337,1.2205192222019032,0.011870452289835187,2.429167992113971
32.4,33.0,32.7,0.65,38.8,2,1.2249326322313703,1.2252289055375398,0.01658013562547178,2.433877675449608
31.6,32.4,33.1,0.56,39.7,2,0.877994324732897,0.8782905980390665,-0.33035817187300154,2.0869393679511345
32.2,33.95,33.1,0.75,39.8,2,1.3965247791927906,1.3968210524989602,0.18817228258689211,2.6054698224110284
32.4,33.8,33.099999999999994,0.68,39.5,2,1.4915528817873658,1.4918491550935353,0.2832003851814673,2.700497925005603
32.5,33.85,33.175,0.71,36.3,0,1.1427623795747455,1.143058652880915,-0.06559011703115303,2.351707422792983
32.0,32.7,32.35,0.68,38.5,2,1.1953670647923478,1.1956633380985173,-0.012985431813550719,2.4043121080105854
32.4,33.0,32.7,0.65,38.8,3,1.3959881372689522,1.3962844105751218,0.18763564066305372,2.6049331804871896
31.6,32.2,33.1,0.56,39.7,3,1.0061734932714037,1.0064697665775733,-0.2021790033344948,2.2151185364896415
32.2,33.1,33.1,0.75,39.8,2,1.4225296922040789,1.4228259655102484,0.21417719559818038,2.6314747354223167
32.4,33.8,33.099999999999994,0.68,39.5,0,1.3891915906370678,1.3894878639432373,0.18083909403116927,2.5981366338553054
32.5,33.85,33.175,0.71,36.3,2,1.1926929473094319,1.1929892206156014,-0.015659549296466624,2.4016379905276697
32.0,32.7,32.35,0.68,38.5,2,1.2984086187421933,1.2987048920483628,0.09005612213629477,2.5073536619604306
32.4,33.0,32.7,0.65,38.8,2,1.4237277424207821,1.4240240157269517,0.21537524581488365,2.63267278563902
31.6,32.3,33.1,0.56,39.7,0,1.2385456498001481,1.2388419231063177,0.030193153194249644,2.447490693018386
32.2,33.95,33.1,0.75,39.8,2,1.5274367763109618,1.5277330496171313,0.31908427970506326,2.7363818195291993
32.4,33.8,33.099999999999994,0.68,39.5,2,1.3297860262059662,1.3300822995121357,0.1214335296000677,2.5387310694242036
32.5,33.85,33.175,0.71,36.3,2,1.2155832692612916,1.2158795425674611,0.00723077265539307,2.424528312479529
32.0,32.7,32.35,0.68,38.5,0,1.3646224073175854,1.364918680623755,0.15626991071168694,2.573567450535823
32.4,33.0,32.7,0.65,38.8,2,1.2676850170735912,1.2679812903797607,0.05933252046769266,2.4766300602918285
31.6,32.5,33.1,0.56,39.7,0,1.2568564921991423,1.2571527655053119,0.04850399559324381,2.4658015354173797
32.2,33.1,33.1,0.75,39.8,0,1.522948062188589,1.5232443354947585,0.3145955655826904,2.7318931054068267
32.4,33.8,33.099999999999994,0.68,39.5,3,1.302363387151067,1.3026596604572365,0.09401089054516842,2.5113084303693043
32.5,33.85,33.175,0.71,36.3,2,1.1522795318238463,1.152575805130016,-0.05607296478205215,2.361224575042084
32.0,32.7,32.35,0.68,38.5,2,1.256938915234311,1.2572351885404804,0.0485864186284124,2.4658839584525483
32.4,33.0,32.7,0.65,38.8,0,1.3453568413382526,1.3456531146444222,0.13700434473235412,2.55430188455649
31.6,33.2,33.1,0.56,39.7,2,1.1716395678574942,1.1719358411636638,-0.03671292874840426,2.380584611075732
32.2,33.7,33.1,0.75,39.8,2,1.3877206511659776,1.3880169244721472,0.17936815456007915,2.5966656943842152
28.9,29.7,29.299999999999997,1.34,43.0,0,0.28172781872067165,0.2820240920268412,-0.9266246778852268,1.4906728619389091
28.9,30.8,29.85,0.79,41.0,1,0.28304053316698297,0.2833368064731525,-0.9253119634389155,1.4919855763852206
29.0,30.4,29.7,1.32,45.0,0,0.35050590452257946,0.350802177828749,-0.857846592083319,1.559450947740817
29.1,30.2,30.15,0.87,42.0,0,0.3835702277024916,0.38386650100866115,-0.8247822689034069,1.592515270920729
28.7,29.8,30.1,1.2,42.0,0,0.23938699974507138,0.23968327305124093,-0.9689654968608271,1.448332042963309
29.2,30.0,30.4,1.1,41.0,0,0.34214624646947933,0.3424425197756489,-0.8662062501364192,1.551091289687717
28.9,29.7,29.299999999999997,1.34,43.0,0,0.24719691684483486,0.2474931901510044,-0.9611555797610636,1.4561419600630725
28.9,30.8,29.85,0.79,41.0,1,0.37641488791109956,0.3767111612172691,-0.8319376086947989,1.5853599311293372
29.0,30.4,29.7,1.32,45.0,1,0.32371947873316026,0.3240157520393298,-0.8846330178727382,1.532664521951398
29.1,30.0,30.15,0.87,42.0,0,0.3046214970362977,0.30491777034246725,-0.9037309995696008,1.5135665402545353
28.7,29.6,30.1,1.2,42.0,0,0.3069174309731998,0.30721370427936934,-0.9014350656326987,1.5158624741914375
29.2,30.0,30.4,1.1,41.0,1,0.33718778349674605,0.3374840568029156,-0.8711647131091524,1.5461328267149836
28.9,29.7,29.299999999999997,1.34,43.0,0,0.23740999290847703,0.23770626621464658,-0.9709425036974215,1.4463550361267146
28.9,30.8,29.85,0.79,41.0,0,0.329185515719602,0.3294817890257715,-0.8791669808862965,1.5381305589378396
29.0,30.4,29.7,1.32,45.0,0,0.32371947873316026,0.3240157520393298,-0.8846330178727382,1.532664521951398
29.1,30.0,30.15,0.87,42.0,0,0.38641869730107503,0.3867149706072446,-0.8219337993048235,1.5953637405193126
28.7,28.6,30.1,1.2,42.0,0,0.20982249792182756,0.2101187712279971,-0.998529998684071,1.418767541140065
29.2,30.1,30.4,1.1,41.0,0,0.31746275183167194,0.3177590251378415,-0.8908897447742266,1.5264077950499095
28.9,29.7,29.299999999999997,1.34,43.0,1,0.16227130104909193,0.16256757435526148,-1.0460811955568066,1.3712163442673295
28.9,30.8,29.85,0.79,41.0,0,0.31265215700017546,0.312948430306345,-0.895700339605723,1.521597200218413
29.0,30.4,29.7,1.32,45.0,0,0.26098522676192215,0.2612815000680917,-0.9473672698439763,1.4699302699801597
29.1,30.2,30.15,0.87,42.0,0,0.3350690948549963,0.33536536816116586,-0.8732834017509021,1.544014138073234
28.7,29.5,30.1,1.2,42.0,0,0.27503610007353174,0.2753323733797013,-0.9333163965323668,1.4839811432917693
29.2,30.2,30.4,1.1,41.0,0,0.3829120268695141,0.38320830017568364,-0.8254404697363844,1.5918570700877517
28.9,29.7,29.299999999999997,1.34,43.0,0,0.23740999290847703,0.23770626621464658,-0.9709425036974215,1.4463550361267146
28.9,30.8,29.85,0.79,41.0,1,0.35556724884099156,0.3558635221471611,-0.8527852477649069,1.5645122920592291
29.0,30.4,29.7,1.32,45.0,0,0.36224553436537166,0.3625418076715412,-0.8461069622405268,1.5711905775836092
29.1,30.1,30.15,0.87,42.0,1,0.30835216246862607,0.3086484357747956,-0.9000003341372724,1.5172972056868637
28.7,29.5,30.1,1.2,42.0,0,0.287973980551833,0.28827025385800253,-0.9203785160540655,1.4969190237700705
29.2,29.5,30.4,1.1,41.0,0,0.36823222848337456,0.3685285017895441,-0.8401202681225239,1.5771772717016121
29.2,29.5,30.4,0.95,41.0,1,0.3439741495751917,0.3442704228813612,-0.8643783470307068,1.5529191927934294
32.2,33.4,32.8,1.63,40.4,1,0.8587306993101018,0.8590269726162714,-0.3496217972957967,2.0676757425283396
32.1,32.5,32.3,1.72,40.0,1,0.7486402517754529,0.7489365250816225,-0.4597122448304456,1.9575852949936905
32.0,32.5,32.25,0.79,40.1,2,0.8780021930235222,0.8782984663296918,-0.33035030358237627,2.08694723624176
32.0,32.6,32.3,1.56,39.7,0,0.9977346513218394,0.9980309246280089,-0.21061784528405914,2.206679694540077
31.9,32.3,32.099999999999994,1.39,40.2,2,0.5413220776288465,0.5416183509350161,-0.667030418977052,1.7502671208470841
32.0,32.3,32.15,1.25,40.4,0,0.8266333109419558,0.8269295842481253,-0.3817191856639427,2.0355783541601933
32.2,33.4,32.8,1.63,40.4,0,0.9340926474276935,0.934388920733863,-0.274259849178205,2.143037690645931
32.1,32.5,32.3,1.72,40.0,0,0.7910728475918019,0.7913691208979714,-0.41727964901409664,2.0000178908100397
32.0,32.5,32.25,0.79,40.1,1,0.9063260729852939,0.9066223462914634,-0.3020264236206046,2.1152711162035316
32.0,32.6,32.3,1.56,39.7,2,0.6411823368069081,0.6414786101130776,-0.5671701597989904,1.8501273800251457
31.9,32.3,32.099999999999994,1.39,40.2,0,0.7760229759988213,0.7763192493049909,-0.4323295206070772,1.984968019217059
32.0,32.3,32.15,1.25,40.4,0,0.8565085369604533,0.8568048102666228,-0.35184395964544524,2.0654535801786906
32.2,33.4,32.8,1.63,40.4,1,0.7262924433697454,0.726588716675915,-0.4820600532361531,1.9352374865879831
32.1,32.5,32.3,1.72,40.0,0,0.8396662151152221,0.8399624884213917,-0.3686862814906764,2.0486112583334597
32.0,32.5,32.25,0.79,40.1,0,1.0276210633461877,1.0279173366523573,-0.18073143325971075,2.2365661065644256
32.0,32.6,32.3,1.56,39.7,0,1.1538101956064835,1.154106468912653,-0.05454230099941504,2.362755238824721
31.9,32.3,32.099999999999994,1.39,40.2,2,0.5170939053073795,0.5173901786135491,-0.691258591298519,1.7260389485256171
32.0,32.3,32.15,1.25,40.4,1,0.6899741266585337,0.6902703999647033,-0.5183783699473647,1.8989191698767713
32.2,33.4,32.8,1.63,40.4,0,0.9016994790049706,0.9019957523111402,-0.3066530176009279,2.1106445222232084
32.1,32.5,32.3,1.72,40.0,1,0.8670900450811754,0.8673863183873449,-0.3412624515247231,2.076035088299413
32.0,32.5,32.25,0.79,40.1,1,1.0276210633461877,1.0279173366523573,-0.18073143325971075,2.2365661065644256
32.0,32.6,32.3,1.56,39.7,0,1.0283800026244352,1.0286762759306047,-0.1799724939814633,2.237325045842673
28.5,29.7,27.6,0.89,45.0,0,0.251154161778295,0.2514504350844646,-0.9571983348276034,1.4600992049965327
28.5,27.4,27.95,0.5,48.0,0,0.26113583960233827,0.2614321129085078,-0.9472166570035603,1.4700808828205758
29.2,29.8,29.5,0.34,43.0,0,0.3041317131562698,0.30442798646243935,-0.9042207834496288,1.5130767563745073
30.1,31.2,28.65,0.7,44.0,1,0.36327253803831727,0.3635688113444868,-0.8450799585675812,1.5722175812565549
30.4,30.8,28.75,0.45,40.0,0,0.38321463907713105,0.3835109123833006,-0.8251378575287674,1.5921596822953688
31.4,32.2,29.25,0.65,41.0,1,0.575254426444956,0.5755506997511255,-0.6330980701609425,1.7841994696631935
28.5,29.7,27.6,0.89,45.0,0,0.29505817497423537,0.2953544482804049,-0.9132943216316631,1.504003218192473
28.5,27.4,27.95,0.5,48.0,1,0.18528612315561743,0.18558239646178698,-1.023066373450281,1.3942311663738551
29.2,29.8,29.5,0.34,43.0,1,0.30421489996109063,0.3045111732672602,-0.9041375966448079,1.5131599431793283
30.1,31.5,28.65,0.7,44.0,0,0.3977996883045184,0.39809596161068794,-0.8105528083013801,1.606744731522756
30.4,31.2,28.75,0.45,40.0,0,0.3631159417513057,0.36341221505747523,-0.8452365548545928,1.5720609849695433
31.4,32.4,29.25,0.65,41.0,0,0.5933224138813044,0.5936186871874739,-0.6150300827245941,1.8022674570995418
28.5,29.5,27.6,0.89,45.0,-1,0.2871510798525534,0.28744735315872294,-0.9212014167533451,1.496096123070791
28.5,27.4,27.95,0.5,48.0,1,0.1936388746410388,0.19393514794720834,-1.0147136219648596,1.4025839178592765
29.2,29.8,29.5,0.34,43.0,0,0.2516611750938074,0.25195744839997697,-0.9566913215120911,1.460606218312045
30.1,30.8,28.65,0.7,44.0,0,0.3571048667825965,0.35740114008876606,-0.851247629823302,1.566049910000834
30.4,31.2,28.75,0.45,40.0,0,0.3736558051348833,0.3739520784410528,-0.8346966914710152,1.5826008483531209
31.4,31.6,29.25,0.65,41.0,0,0.5260070991218758,0.5263033724280454,-0.6823453974840227,1.7349521423401133
28.5,29.4,27.6,0.89,45.0,1,0.23396021404674872,0.23425648735291826,-0.9743922825591498,1.4429052572649863
28.5,27.4,27.95,0.5,48.0,0,0.20794009514021805,0.2082363684463876,-1.0004124014656806,1.4168851383584555
29.2,29.8,29.5,0.34,43.0,0,0.30421489996109063,0.3045111732672602,-0.9041375966448079,1.5131599431793283
30.1,30.8,28.65,0.7,44.0,-1,0.4024073580720726,0.40270363137824217,-0.8059451385338259,1.6113524012903102
30.4,30.8,28.75,0.45,40.0,1,0.3205139294602438,0.32081020276641337,-0.8878385671456547,1.5294589726784813
31.4,32.4,29.25,0.65,41.0,1,0.4593895574439586,0.45968583075012814,-0.7489629391619399,1.6683346006621962
28.5,28.2,27.6,0.89,45.0,0,0.242270836458212,0.24256710976438156,-0.9660816601476865,1.4512158796764496
28.5,27.4,27.95,0.5,48.0,0,0.18528612315561743,0.18558239646178698,-1.023066373450281,1.3942311663738551
29.2,29.8,29.5,0.34,43.0,0,0.286334799840101,0.28663107314627057,-0.9220176967657975,1.4952798430583387
30.1,30.1,28.65,0.7,44.0,1,0.379512902367287,0.37980917567345657,-0.8288395942386115,1.5884579455855246
30.4,30.8,28.75,0.45,40.0,0,0.39330635908769457,0.3936026323938641,-0.8150461375182039,1.6022514023059322
31.4,32.4,29.25,0.65,41.0,0,0.4875478238079828,0.48784409711415233,-0.7208046727979157,1.6964928670262203
28.5,29.1,27.6,0.89,45.0,1,0.2829978659863886,0.28329413929255814,-0.92535463061951,1.4919429092046261
28.5,27.4,27.95,0.5,48.0,1,0.20794009514021805,0.2082363684463876,-1.0004124014656806,1.4168851383584555
25.0,25.7,27.4,0.32,46.0,0,0.026057590272925868,0.026353863579095402,-1.1822949063329726,1.2350026334911635
25.5,27.2,26.35,0.18,44.0,0,0.06633082445583083,0.06662709776200036,-1.1420216721500678,1.2752758676740683
24.5,25.2,25.8,0.11,44.0,0,-0.09669755260697666,-0.09640127930080712,-1.3050500492128752,1.112247490611261
23.0,24.1,23.55,0.24,44.0,0,-0.14400228025782702,-0.14370600695165747,-1.3523547768637254,1.0649427629604107
23.35,22.4,22.875,0.4,45.0,0,-0.29759284574494604,-0.2972965724387765,-1.5059453423508447,0.9113521974732915
25.0,24.7,24.85,0.32,46.0,1,-0.06607947919026447,-0.06578320588409493,-1.274431975796163,1.142865564027973
25.5,26.4,25.95,0.18,44.0,0,0.11810706025468903,0.11840333356085857,-1.0902454363512095,1.3270521034729266
24.5,25.3,24.9,0.11,44.0,0,-0.12379442777188288,-0.12349815446571334,-1.3321469243777815,1.0851506154463546
23.0,24.1,23.55,0.24,44.0,1,-0.3451979151999297,-0.34490164189376016,-1.553550411805828,0.8637471280183079
23.35,22.4,22.875,0.4,45.0,-1,-0.15049456533677885,-0.1501982920306093,-1.3588470619426773,1.0584504778814587
25.0,24.7,24.85,0.32,46.0,-1,-0.07288417373175304,-0.07258790042558351,-1.2812366703376517,1.1360608694864844
25.5,26.4,25.95,0.18,44.0,1,0.06130811335407438,0.06160438666024391,-1.1470443832518242,1.2702531565723119
24.5,25.3,24.9,0.11,44.0,0,-0.04740057686906707,-0.047104303562897534,-1.2557530734749656,1.1615444663491705
23.0,24.1,23.55,0.24,44.0,-1,-0.030351190440573217,-0.030054917134403683,-1.2387036870464718,1.1785938527776643
23.35,22.4,22.875,0.4,45.0,0,-0.309767075228366,-0.30947080192219645,-1.5181195718342644,0.8991779679898716
25.0,24.7,24.85,0.32,46.0,0,-0.11515494092312839,-0.11485866761695886,-1.323507437529027,1.093790102295109
25.5,26.4,25.95,0.18,44.0,0,0.09552619665947387,0.0958224699656434,-1.1128262999464247,1.3044712398777114
24.5,25.3,24.9,0.11,44.0,0,-0.002687075157926211,-0.002390801851756676,-1.2110395717638247,1.2062579680603114
23.0,24.1,23.55,0.24,44.0,0,-0.2058460338541016,-0.20554976054793206,-1.4141985304600002,1.0030990093641359
27.0,28.5,27.75,0.49,39.0,0,0.19217066312393172,0.19246693643010127,-1.0161818334819668,1.4011157063421693
26.55,28.2,27.375,0.83,43.0,0,0.15377044775739768,0.15406672106356722,-1.0545820488485007,1.3627154909756354
26.55,28.2,27.375,0.62,41.0,0,0.06658004630622005,0.06687631961238959,-1.1417724502996784,1.2755250895244576
25.9,26.7,26.299999999999997,0.7,39.0,0,0.1755255088367647,0.17582178214293426,-1.0328269877691338,1.3844705520550022
26.3,26.7,26.5,0.51,40.0,0,0.03939718144597204,0.039693454752141574,-1.1689553151599266,1.2483422246642095
26.2,25.9,26.049999999999997,0.55,38.0,0,0.019524945788473413,0.019821219094642947,-1.188827550817425,1.228469989006711
27.0,28.5,27.75,0.49,39.0,0,0.17947073830372023,0.17976701160988978,-1.0288817583021783,1.3884157815219578
26.55,28.2,27.375,0.83,43.0,0,0.16861062379720676,0.1689068971033763,-1.0397418728086918,1.3775556670154443
26.55,28.2,27.375,0.62,41.0,0,0.12651006087285777,0.1268063341790273,-1.0818424357330407,1.3354551040910954
25.9,26.7,26.299999999999997,0.7,39.0,1,0.08810872643879075,0.08840499974496029,-1.1202437701671077,1.2970537696570283
26.3,26.7,26.5,0.51,40.0,0,0.05638868860936308,0.056684961915532614,-1.1519638079965355,1.2653337318276006
26.2,25.9,26.049999999999997,0.55,38.0,0,0.02347168148057055,0.023767954786740084,-1.184880815125328,1.232416724698808
27.0,28.5,27.75,0.49,39.0,0,0.16024450177208932,0.16054077507825887,-1.0481079948338092,1.3691895449903269
26.55,28.2,27.375,0.83,43.0,0,0.11938607785613553,0.11968235116230506,-1.088966418749763,1.3283311210743731
26.55,28.2,27.375,0.62,41.0,0,0.07821094133860118,0.07850721464477071,-1.1301415552672973,1.2871559845568388
25.9,26.7,26.299999999999997,0.7,39.0,0,0.12046324408907888,0.12075951739524841,-1.0878892525168196,1.3294082873073165
26.3,26.7,26.5,0.51,40.0,0,0.10987715121248309,0.11017342451865263,-1.0984753453934155,1.3188221944307206
26.2,25.9,26.049999999999997,0.55,38.0,0,0.05421069153173641,0.054506964837905944,-1.154141805074162,1.263155734749974
27.0,28.5,27.75,0.49,39.0,0,0.19493985394300672,0.19523612724917627,-1.0134126426628918,1.4038848971612443
23.3,22.9,23.1,0.47,31.0,-1,-0.1916824874877926,-0.19138621418162305,-1.4000349840936912,1.0172625557304449
24.45,24.1,24.275,0.3,32.0,0,-0.13237939086316552,-0.13208311755699598,-1.340731887469064,1.0765656523550722
25.85,25.4,25.625,0.42,30.0,0,-0.1208760622410261,-0.12057978893485656,-1.3292285588469246,1.0880689809772115
25.700000000000003,25.6,25.650000000000002,0.5,33.0,0,-0.10368826549556676,-0.10339199218939722,-1.3120407621014654,1.1052567777226707
25.8,25.9,25.85,0.21,31.0,0,-0.15496519120403518,-0.15466891789786563,-1.3633176878099338,1.0539798520142023
23.3,22.9,23.1,0.47,31.0,0,-0.38387720850391904,-0.3835809351977495,-1.5922297051098175,0.8250678347143185
24.45,24.1,24.275,0.3,32.0,0,-0.18300164279251752,-0.18270536948634797,-1.3913541393984161,1.02594340042572
25.85,25.4,25.625,0.42,30.0,0,-0.0933308856651236,-0.09303461235895406,-1.301683382271022,1.115614157553114
25.700000000000003,25.6,25.650000000000002,0.5,33.0,0,-0.11440963645194757,-0.11411336314577804,-1.322762133057846,1.09453540676629
25.8,25.9,25.85,0.21,31.0,-1,-0.04539399441729941,-0.045097721111129876,-1.253746491023198,1.1635510488009382
23.3,22.9,23.1,0.47,31.0,0,-0.38387720850391904,-0.3835809351977495,-1.5922297051098175,0.8250678347143185
24.45,24.1,24.275,0.3,32.0,0,-0.28801461229311554,-0.287718338986946,-1.496367108899014,0.9209304309251221
25.85,25.4,25.625,0.42,30.0,0,-0.09133539928216106,-0.09103912597599152,-1.2996878958880596,1.1176096439360765
25.700000000000003,25.6,25.650000000000002,0.5,33.0,-1,-0.06522265930363602,-0.06492638599746649,-1.2735751559095345,1.1437223839146016
25.8,25.9,25.85,0.21,31.0,0,-0.15686061431327014,-0.1565643410071006,-1.3652131109191687,1.0520844289049673
23.3,22.9,23.1,0.47,31.0,0,-0.4568702634848485,-0.45657399017867895,-1.665222760090747,0.7520747797333891
24.45,24.1,24.275,0.3,32.0,-1,-0.13237939086316552,-0.13208311755699598,-1.340731887469064,1.0765656523550722
25.85,25.4,25.625,0.42,30.0,0,-0.09133539928216106,-0.09103912597599152,-1.2996878958880596,1.1176096439360765
25.700000000000003,25.6,25.650000000000002,0.5,33.0,0,-0.0654400629673485,-0.06514378966117897,-1.273792559573247,1.143504980250889
25.8,25.9,25.85,0.21,31.0,-1,-0.04411169552103855,-0.04381542221486902,-1.252464192126937,1.164833347697199
23.3,22.9,23.1,0.47,31.0,-1,-0.27057719688280124,-0.2702809235766317,-1.4789296934886997,0.9383678463354364
24.45,24.1,24.275,0.3,32.0,0,-0.22315681365486895,-0.2228605403486994,-1.4315093102607674,0.9857882295633686
25.85,25.4,25.625,0.42,30.0,0,-0.11750427164207555,-0.11720799833590602,-1.325856768247974,1.091440771576162
25.700000000000003,25.6,25.650000000000002,0.5,33.0,1,-0.10025886484644464,-0.0999625915402751,-1.3086113614523431,1.108686178371793
25.8,25.9,25.85,0.21,31.0,0,-0.04411169552103855,-0.04381542221486902,-1.252464192126937,1.164833347697199
23.3,22.9,23.1,0.47,31.0,-1,-0.1916824874877926,-0.19138621418162305,-1.4000349840936912,1.0172625557304449
24.45,24.1,24.275,0.3,32.0,0,-0.25625796796634626,-0.2559616946601767,-1.4646104645722446,0.9526870752518913
25.85,25.4,25.625,0.42,30.0,0,-0.11540167591669759,-0.11510540261052805,-1.323754172522596,1.09354336730154
30.5,32.1,31.3,1.24,47.0,0,0.4734344602781986,0.4737307335843681,-0.7349180363276999,1.6823795034964362
30.1,31.8,30.950000000000003,1.7,50.0,1,0.3573590821880072,0.35765535549417676,-0.8509934144178912,1.5663041254062449
30.8,32.2,31.5,0.8,46.0,1,0.6125425570473415,0.612838830353511,-0.595809939558557,1.821487600265579
30.6,31.7,31.15,0.7,45.0,0,0.6737713517259009,0.6740676250320704,-0.5345811448799976,1.8827163949441386
31.0,32.2,31.6,0.65,44.0,0,0.6464456171558662,0.6467418904620358,-0.5619068794500323,1.8553906603741037
30.8,31.4,31.1,0.62,45.0,0,0.4484035860418909,0.44869985934806045,-0.7599489105640076,1.6573486292601285
30.5,31.3,30.9,1.24,47.0,1,0.48926219462634457,0.4895584679325141,-0.7190903019795539,1.6982072378445823
30.1,31.8,30.950000000000003,1.7,50.0,0,0.5623273131280901,0.5626235864342597,-0.6460251834778084,1.7712723563463277
30.8,32.2,31.5,0.8,46.0,0,0.6254383614375302,0.6257346347436997,-0.5829141351683683,1.8343834046557679
30.6,31.7,31.15,0.7,45.0,1,0.6450469497029112,0.6453432230090808,-0.5633055469029873,1.8539919929211488
31.0,32.2,31.6,0.65,44.0,2,0.5289767973874303,0.5292730706935999,-0.6793756992184682,1.7379218406056678
30.8,31.4,31.1,0.62,45.0,0,0.5093370583228176,0.5096333316289872,-0.6990154382830809,1.7182821015410552
30.5,31.3,30.9,1.24,47.0,0,0.4716993444222982,0.47199561772846776,-0.7366531521836003,1.6806443876405357
30.1,31.8,30.950000000000003,1.7,50.0,1,0.3639674520531648,0.3642637253593343,-0.8443850445527337,1.5729124952714024
30.8,32.2,31.5,0.8,46.0,0,0.6203224358980927,0.6206187092042622,-0.5880300607078058,1.8292674791163304
30.6,31.7,31.15,0.7,45.0,1,0.577010484451273,0.5773067577574426,-0.6313420121546255,1.7859555276695107
31.0,32.2,31.6,0.65,44.0,0,0.5790927886925284,0.579389061998698,-0.62925970791337,1.7880378319107662
30.8,31.4,31.1,0.62,45.0,0,0.4406720785496392,0.44096835185580874,-0.7676804180562593,1.6496171217678768
30.5,31.3,30.9,1.24,47.0,1,0.40344155208568644,0.403737825391856,-0.8049109445202121,1.612386595303924
30.1,31.8,30.950000000000003,1.7,50.0,0,0.5899064742596287,0.5902027475657983,-0.6184460223462698,1.7988515174778663
30.8,32.2,31.5,0.8,46.0,0,0.6716422250305505,0.67193849833672,-0.536710271575348,1.880587268248788
30.6,31.7,31.15,0.7,45.0,0,0.709901207719755,0.7101974810259245,-0.49845128888614354,1.9188462509379924
31.0,32.2,31.6,0.65,44.0,0,0.6554942012045115,0.6557904745106811,-0.552858295401387,1.864439244422749
30.8,31.4,31.1,0.62,45.0,1,0.4790465899859967,0.47934286329216624,-0.7293059066199018,1.6879916332042342
30.5,31.3,30.9,1.24,47.0,0,0.37610071719563437,0.3763969905018039,-0.8322517794102642,1.585045760413872
31.2,32.1,32.35,1.31,41.0,2,0.8009200286450817,0.8012163019512513,-0.4074324679608168,2.0098650718633193
31.4,32.6,32.5,0.7,41.5,0,1.0092181185673312,1.0095143918735008,-0.19913437803856726,2.2181631617855686
31.2,32.6,32.3,0.71,42.0,0,0.7623078092587641,0.7626040825649336,-0.4460446873471344,1.9712528524770017
31.3,32.2,32.35,0.64,41.0,2,0.7907530537790437,0.7910493270852132,-0.4175994428268548,1.9996980969972813
31.4,32.6,32.0,0.54,40.8,0,0.8088915609048775,0.809187834211047,-0.39946093570102104,2.017836604123115
31.4,31.8,31.6,1.31,41.0,0,0.6429566463174773,0.6432529196236468,-0.5653958502884212,1.851901689535715
31.5,31.8,31.65,0.7,41.5,0,0.9842729297079441,0.9845692030141137,-0.22407956689795439,2.1932179729261816
31.2,30.7,30.95,0.71,42.0,0,0.5594626671431251,0.5597589404492946,-0.6488898294627734,1.7684077103613627
31.4,33.2,32.3,0.64,41.0,1,0.749334327320823,0.7496306006269925,-0.45901816928507555,1.9582793705390604
31.4,30.7,31.049999999999997,0.54,40.8,0,0.6419743085625014,0.6422705818686709,-0.5663781880433971,1.850919351780739
31.4,31.6,31.5,1.31,41.0,0,0.5758011466237349,0.5760974199299045,-0.6325513499821636,1.7847461898419725
31.5,31.9,31.7,0.7,41.5,2,0.6666069509965167,0.6669032243026862,-0.5417455456093818,1.8755519942147543
32.1,32.8,35.6,1.0,37.0,3,1.610438304333097,1.6107345776392665,0.4020858077271985,2.8193833475513346
32.85,32.8,34.625,1.17,36.8,2,1.1233069383020369,1.1236032116082064,-0.08504555830386162,2.3322519815202742
32.5,33.1,34.6,0.75,35.0,2,1.347784688929869,1.3480809622360386,0.13943219232397053,2.5567297321481064
32.95,33.8,34.875,0.55,35.0,0,1.1095327993605828,1.1098290726667523,-0.0988196972453157,2.3184778425788206
32.95,33.8,34.925,0.5,35.2,2,1.0495991565690357,1.0498954298752052,-0.1587533400368628,2.2585441997872735
32.8,33.1,34.95,0.42,35.0,2,1.2115005338856073,1.2117968071917768,0.003148037279708804,2.4204455771038447
33.0,33.2,35.2,0.2,34.6,3,1.3926865922385678,1.3929828655447374,0.18433409563266934,2.6016316354568056
33.1,33.1,36.1,1.0,37.0,3,1.587454810779465,1.5877510840856346,0.37910231417356655,2.796399853997703
32.1,32.4,34.25,1.17,36.8,0,1.128899749138714,1.1291960224448836,-0.07945274746718445,2.3378447923569516
32.85,32.7,34.775000000000006,0.75,35.0,2,1.217345690577471,1.2176419638836407,0.00899319397157261,2.4262907337957085
32.5,33.2,34.65,0.55,35.0,0,1.1080922515254346,1.108388524831604,-0.10026024508046394,2.317037294743672
32.95,33.5,34.925,0.5,35.2,2,1.1770769384329385,1.177373211739108,-0.031275558172960016,2.386021981651176
32.95,33.1,35.025000000000006,0.42,35.0,1,1.383630074514107,1.3839263478202766,0.17527757790820853,2.592575117732345
32.8,33.2,35.099999999999994,0.2,34.6,2,1.3765646057338203,1.3768608790399899,0.16821210912792184,2.585509648952058
33.0,33.8,36.05,1.0,37.0,2,1.6221860828606227,1.6224823561667923,0.4138335862547242,2.8311311260788603
33.1,33.5,34.75,1.17,36.8,1,1.2735647920573285,1.273861065363498,0.06521229545143004,2.4825098352755663
32.1,33.4,34.400000000000006,0.75,35.0,0,1.2377140415853276,1.2380103148914972,0.02936154497942911,2.4466590848035654
32.85,33.8,34.825,0.55,35.0,1,0.8796280733901222,0.8799243466962917,-0.32872442321577633,2.0885731166083596
32.5,33.9,34.7,0.5,35.2,0,0.9320338854607325,0.9323301587669021,-0.276318611145166,2.14097892867897
32.95,33.1,35.025000000000006,0.42,35.0,2,1.3646939154454694,1.364990188751639,0.15634141883957087,2.573638958663707
32.95,33.4,35.175,0.2,34.6,2,1.481426149398378,1.4817224227045476,0.2730736527924795,2.690371192616616
32.8,32.8,31.75,1.0,37.0,1,0.8581050883193357,0.8584013616255053,-0.35024740828656276,2.0670501315375733
33.0,33.5,33.25,1.17,36.8,1,0.9796493295717348,0.9799456028779043,-0.2287031670341637,2.1885943727899724
33.1,33.5,33.3,0.75,35.0,0,1.0554630307166895,1.055759304022859,-0.15288946588920904,2.264408073934927
32.85,33.5,33.175,0.55,35.0,0,0.7847336377632057,0.7850299110693753,-0.4236188588426928,1.9936786809814433
32.5,32.7,32.6,0.5,35.2,0,0.9571487269693298,0.9574450002754994,-0.25120376963656865,2.1660937701875675
30.3,29.8,30.05,0.95,37.0,1,0.4362119933040767,0.4365082666102462,-0.7721405033018218,1.6451570365223143
30.4,29.8,30.1,0.56,36.0,0,0.49957838559230355,0.4998746588984731,-0.708774111013595,1.708523428810541
30.6,30.2,30.4,0.9,38.0,1,0.46813798904208026,0.4684342623482498,-0.7402145075638182,1.6770830322603179
30.4,30.2,30.299999999999997,0.25,37.0,0,0.598169916042145,0.5984661893483145,-0.6101825805637535,1.8071149592603826
30.6,31.2,30.9,0.26,35.0,0,0.4738501878649587,0.47414646117112824,-0.7345023087409398,1.6827952310831962
30.8,31.8,31.3,0.41,34.5,0,0.721377103572839,0.7216733768790086,-0.4869753930330595,1.9303221467910765
30.6,32.1,31.35,0.32,33.6,2,0.39540506932968994,0.3957013426358595,-0.8129474272762085,1.6043501125479276
30.3,29.8,30.05,0.95,37.0,1,0.5078533655724673,0.5081496388786368,-0.7004991310334312,1.7167984087907049
30.4,29.8,30.1,0.56,36.0,2,0.42522811996171,0.42552439326787955,-0.7831243766441884,1.6341731631799477
30.6,30.2,30.4,0.9,38.0,0,0.565314883652101,0.5656111569582706,-0.6430376129537975,1.7742599268703385
30.4,30.2,30.299999999999997,0.25,37.0,2,0.6384776772703207,0.6387739505764902,-0.5698748193355778,1.8474227204885583
30.6,31.2,30.9,0.26,35.0,0,0.4702744032506462,0.4705706765568157,-0.7380780933552523,1.6792194464688839
30.8,31.8,31.3,0.41,34.5,2,0.5309251087724862,0.5312213820786558,-0.6774273878334123,1.7398701519907238
30.6,32.1,31.35,0.32,33.6,0,0.579811500153403,0.5801077734595725,-0.6285409964524955,1.7887565433716406
30.3,29.8,30.05,0.95,37.0,0,0.4869902672866492,0.48728654059281873,-0.7213622293192493,1.6959353105048867
30.4,29.8,30.1,0.56,36.0,2,0.5177287125764714,0.5180249858826409,-0.6906237840294271,1.726673755794709
30.6,30.2,30.4,0.9,38.0,0,0.5699250456217699,0.5702213189279395,-0.6384274509841286,1.7788700888400075
30.4,30.2,30.299999999999997,0.25,37.0,2,0.558939355110273,0.5592356284164426,-0.6494131414956255,1.7678843983285106
30.6,31.2,30.9,0.26,35.0,1,0.4550245859606013,0.45532085926677085,-0.7533279106452972,1.6639696291788388
30.8,31.8,31.3,0.41,34.5,0,0.721377103572839,0.7216733768790086,-0.4869753930330595,1.9303221467910765
30.6,32.1,31.35,0.32,33.6,0,0.6343842116881753,0.6346804849943448,-0.5739682849177232,1.8433292549064129
30.3,29.8,30.05,0.95,37.0,0,0.45033574757651207,0.4506320208826816,-0.7580167490293864,1.6592807907947495
30.4,29.8,30.1,0.56,36.0,0,0.4434535202101966,0.4437497935163661,-0.7648989763957019,1.6523985634284342
30.6,30.2,30.4,0.9,38.0,0,0.5607860979226725,0.5610823712288421,-0.647566398683226,1.7697311411409102
30.4,30.2,30.299999999999997,0.25,37.0,2,0.4166265880070797,0.41692286131324924,-0.7917259085988189,1.6255716312253172
30.6,31.2,30.9,0.26,35.0,1,0.5317907747889554,0.532087048095125,-0.6765617218169431,1.740735818007193
30.8,31.8,31.3,0.41,34.5,0,0.6113088214837961,0.6116050947899656,-0.5970436751221024,1.8202538647020337
30.6,32.1,31.35,0.32,33.6,1,0.5853991176718754,0.5856953909780449,-0.6229533789340231,1.794344160890113
30.3,29.8,30.05,0.95,37.0,0,0.4556137798863403,0.4559100531925098,-0.7527387167195583,1.6645588231045778
30.4,29.8,30.1,0.56,36.0,0,0.5344699516067318,0.5347662249129014,-0.6738825449991667,1.7434149948249695
30.6,30.2,30.4,0.9,38.0,0,0.5693365900872458,0.5696328633934153,-0.6390159065186527,1.7782816333054834
30.4,30.2,30.299999999999997,0.25,37.0,0,0.6453009920697277,0.6455972653758972,-0.5630515045361708,1.8542460352879653
30.6,31.2,30.9,0.26,35.0,0,0.5310627979724494,0.5313590712786189,-0.6772896986334491,1.740007841190687
30.8,31.8,31.3,0.41,34.5,2,0.4630793629260146,0.46337563623218414,-0.7452731336798839,1.6720244061442522
30.6,32.1,31.35,0.32,33.6,0,0.595213393252753,0.5955096665589226,-0.6131391033531455,1.8041584364709906
30.3,29.8,30.05,0.95,37.0,0,0.5351174734748199,0.5354137467809894,-0.6732350231310786,1.7440625166930575
30.4,29.8,30.1,0.56,36.0,0,0.5177287125764714,0.5180249858826409,-0.6906237840294271,1.726673755794709
30.6,31.2,30.9,0.9,38.0,1,0.4920007837463759,0.49229705705254545,-0.7163517128595226,1.7009458269646136
34.6,35.1,34.85,0.17,43.0,0,0.9342619401725166,0.9345582134786862,-0.27409055643338187,2.1432069833907543
34.2,35.5,34.85,0.52,46.0,0,1.0239655327131538,1.0242618060193234,-0.18438696389274467,2.2329105759313914
33.9,34.2,34.05,0.75,46.0,2,1.0778374657556244,1.078133739061794,-0.13051503085027405,2.286782508973862
35.0,36.4,35.7,0.26,45.0,0,1.162965463518126,1.1632617368242955,-0.04538703308777259,2.3719105067363637
34.7,35.6,35.150000000000006,0.26,44.0,1,0.90995641223208,0.9102526855382496,-0.2983960843738185,2.1189014554503176
34.8,35.4,35.099999999999994,0.16,42.0,0,0.8453193012191016,0.8456155745252711,-0.3630331953867969,2.054264344437339
34.5,35.4,34.95,0.2,43.0,0,0.8803487242126079,0.8806449975187775,-0.3280037723932906,2.0892937674308456
34.6,35.1,34.85,0.17,43.0,1,0.7757706771826477,0.7760669504888172,-0.4325818194232508,1.9847157204008852
34.2,35.5,34.85,0.52,46.0,2,0.8016355868691094,0.801931860175279,-0.4067169097367891,2.0105806300873468
33.9,34.2,34.05,0.75,46.0,0,1.3053432183612634,1.305639491667433,0.09699072175536494,2.514288261579501
35.0,36.4,35.7,0.26,45.0,2,0.7911843437829276,0.7914806170890971,-0.41716815282297093,2.000129387001165
34.7,35.6,35.150000000000006,0.26,44.0,1,0.8651666800715405,0.8654629533777101,-0.343185816534358,2.074111723289778
34.8,35.4,35.099999999999994,0.16,42.0,0,0.8855910192300669,0.8858872925362364,-0.3227614773758316,2.0945360624483045
34.5,35.4,34.95,0.2,43.0,2,0.8321720149753505,0.8324682882815201,-0.37618048163054796,2.041117058193588
34.6,35.1,34.85,0.17,43.0,0,0.9097706761847867,0.9100669494909562,-0.2985818204211118,2.118715719403024
34.2,35.5,34.85,0.52,46.0,0,1.0373090307489297,1.0376053040550992,-0.17104346585696883,2.246254073967167
33.9,34.2,34.05,0.75,46.0,2,1.3002018447536527,1.3004981180598223,0.09184934814775425,2.50914688797189
35.0,36.4,35.7,0.26,45.0,2,0.886300021353333,0.8865962946595025,-0.32205247525256553,2.0952450645715706
34.7,35.6,35.150000000000006,0.26,44.0,0,0.8297587072237229,0.8300549805298925,-0.3785937893821756,2.0387037504419605
34.8,35.4,35.099999999999994,0.16,42.0,1,0.9023420953113284,0.9026383686174979,-0.30601040129457013,2.111287138529566
34.5,35.4,34.95,0.2,43.0,2,0.8503888817985801,0.8506851551047496,-0.3579636148073184,2.0593339250168174
34.6,35.1,34.85,0.17,43.0,2,0.7942529865788861,0.7945492598850556,-0.4140995100270124,2.0031980297971237
34.2,35.5,34.85,0.52,46.0,1,0.9878933362637666,0.9881896095699362,-0.22045916034213187,2.196838379482004
33.9,34.2,34.05,0.75,46.0,2,0.8813766416885203,0.8816729149946898,-0.32697585491737824,2.090321684906758
35.0,36.4,35.7,0.26,45.0,2,0.7865672199919806,0.7868634932981502,-0.42178527661391785,1.9955122632102182
34.7,35.6,35.150000000000006,0.26,44.0,1,0.9787013415193353,0.9789976148255048,-0.2296511550865632,2.187646384737573
34.8,35.4,35.099999999999994,0.16,42.0,2,0.8871303240225807,0.8874265973287503,-0.32122217258331776,2.096075367240818
34.5,35.4,34.95,0.2,43.0,0,0.8919774640823548,0.8922737373885243,-0.3163750325235437,2.1009225073005924
34.6,35.1,34.85,0.17,43.0,1,0.9342619401725166,0.9345582134786862,-0.27409055643338187,2.1432069833907543
34.2,35.5,34.85,0.52,46.0,2,0.9878933362637666,0.9881896095699362,-0.22045916034213187,2.196838379482004
33.9,34.2,34.05,0.75,46.0,0,1.0778374657556244,1.078133739061794,-0.13051503085027405,2.286782508973862
35.0,36.4,35.7,0.26,45.0,0,1.265129134789583,1.2654254080957525,0.0567766381836845,2.474074178007821
34.7,35.6,35.150000000000006,0.26,44.0,1,0.8712911763699394,0.8715874496761089,-0.33706132023595914,2.080236219588177
34.8,35.4,35.099999999999994,0.16,42.0,1,0.8743760913359647,0.8746723646421343,-0.3339764052699338,2.083321134554202
34.5,35.4,34.95,0.2,43.0,0,0.8865852473841815,0.8868815206903511,-0.32176724922171696,2.095530290602419
34.6,35.1,34.85,0.17,43.0,1,0.8432847687871003,0.8435810420932699,-0.36506772781879815,2.052229812005338
34.2,35.5,34.85,0.52,46.0,2,0.7839069446988899,0.7842032180050594,-0.4244455519070086,1.9928519879171276
33.9,34.2,34.05,0.75,46.0,0,1.3053432183612634,1.305639491667433,0.09699072175536494,2.514288261579501
35.0,36.4,35.7,0.26,45.0,0,1.2564635826683999,1.2567598559745694,0.04811108606250136,2.4654086258866377
34.7,35.6,35.150000000000006,0.26,44.0,0,0.9787013415193353,0.9789976148255048,-0.2296511550865632,2.187646384737573
34.8,35.4,35.099999999999994,0.16,42.0,1,0.8878475116977766,0.8881437850039462,-0.32050498490812185,2.0967925549160142
34.5,35.4,34.95,0.2,43.0,0,0.8380123955135652,0.8383086688197348,-0.3703401010923333,2.046957438731803
33.2,33.4,34.3,0.5,31.0,2,0.5574705215134449,0.5577667948196144,-0.6508819750924536,1.7664155647316826
33.3,35.1,34.2,0.7,31.0,1,1.028701774373069,1.0289980476792386,-0.1796507222328294,2.2376468175913065
33.8,35.7,34.75,1.0,30.0,0,0.8612370155390645,0.8615332888452341,-0.347115481066834,2.070182058757302
34.0,35.0,35.0,0.3,32.0,1,0.8829219734360025,0.8832182467421721,-0.32543052316989596,2.0918670166542404
34.0,35.4,34.7,0.5,31.0,0,0.7230254668334719,0.7233217401396415,-0.4853270297724266,1.9319705100517095
34.2,35.2,34.7,0.3,30.0,1,0.8722649212537665,0.8725611945599361,-0.33608757535213196,2.081209964472004
35.4,34.7,35.05,0.94,32.0,2,1.017695087402914,1.0179913607090836,-0.19065740920298446,2.226640130621152
35.2,34.9,35.05,0.7,33.0,2,1.1389253678334645,1.139221641139634,-0.06942712877243395,2.3478704110517024
35.5,35.2,35.35,0.4,32.0,0,0.81992696791449,0.8202232412206596,-0.38842552869140845,2.0288720111327274
35.9,35.7,35.8,0.5,32.0,0,0.8521322785418339,0.8524285518480035,-0.35622021806406456,2.0610773217600715
35.2,35.6,35.400000000000006,0.8,35.0,2,1.3496217652310327,1.3499180385372023,0.14126926862513423,2.55856680844927
35.8,35.0,35.4,0.75,34.0,2,1.3930560414285909,1.3933523147347604,0.18470354482269236,2.6020010846468287
33.8,34.8,34.3,0.45,42.0,0,1.0248629641476352,1.0251592374538048,-0.18348953245826327,2.233808007365873
34.0,34.2,34.1,0.5,45.0,0,1.070520011614569,1.0708162849207385,-0.1378324849913295,2.279465054832807
34.0,34.6,34.3,0.41,43.0,1,1.005474550394874,1.0057708237010436,-0.2028779462110244,2.214419593613112
34.2,34.7,34.45,0.38,43.0,2,0.993402613583027,0.9936988868891965,-0.21494988302287155,2.2023476568012645
34.2,34.5,34.35,0.75,31.0,1,1.0922306091818421,1.0925268824880117,-0.11612188742405638,2.3011756524000795
34.5,35.6,35.05,1.2,30.0,0,1.1884976038439479,1.1887938771501174,-0.019854892761950627,2.3974426470621855
34.5,35.6,35.05,0.7,29.0,2,1.1797704215908058,1.1800666948969754,-0.02858207501509269,2.388715464809043
34.7,35.8,35.25,0.9,28.0,2,1.1965861797869477,1.1968824530931172,-0.011766316818950795,2.4055312230051853
34.8,36.2,35.5,0.6,29.0,0,0.5916899814662594,0.5919862547724289,-0.6166625151396391,1.8006350246844969
35.1,35.2,35.150000000000006,0.45,28.0,1,0.8630912549249032,0.8633875282310728,-0.34526124168099526,2.072036298143141
35.1,35.2,35.150000000000006,0.27,28.0,2,0.731410427917955,0.7317067012241245,-0.47694206868794353,1.9403554711361926
35.1,35.2,35.150000000000006,0.32,26.0,1,0.9252914690770238,0.9255877423831933,-0.28306102752887474,2.1342365122952613
35.4,35.7,35.55,0.3,25.4,0,0.9609309843202748,0.9612272576264443,-0.2474215122856237,2.1698760275385123
36.0,37.2,36.6,0.15,25.4,2,0.8103280907611398,0.8106243640673093,-0.39802440584475873,2.0192731339793775
35.8,35.8,35.8,0.11,25.4,0,1.1603293956141463,1.1606256689203158,-0.04802310099175222,2.3692744388323836
35.8,36.1,35.95,0.41,25.2,0,0.6392015566124788,0.6394978299186483,-0.5691509399934197,1.8481465998307165
33.8,34.1,33.95,0.7,38.0,2,1.0667614630748656,1.0670577363810352,-0.14159103353103286,2.275706506293103
33.6,34.2,33.900000000000006,0.3,37.0,2,0.855676379760538,0.8559726530667076,-0.3526761168453605,2.0646214229787754
34.2,33.4,33.8,0.5,36.0,0,0.722945804481449,0.7232420777876185,-0.48540669212444953,1.9318908476996866
34.2,33.4,33.8,0.42,36.0,0,0.7930319496243422,0.7933282229305118,-0.4153205469815563,2.0019769928425797
29.1,29.5,29.3,0.5,41.0,0,0.2911134319770209,0.29140970528319043,-0.9172390646288776,1.5000584751952584
29.4,29.9,29.65,0.42,39.0,1,0.3778370808439485,0.37813335415011806,-0.83051541576195,1.5867821240621862
29.8,30.2,30.0,0.4,38.6,0,0.5055527398077071,0.5058490131138766,-0.7027997567981914,1.7144977830259447
28.6,27.9,28.25,0.3,37.0,0,0.21265137020971775,0.2129476435158873,-0.9957011263961808,1.4215964134279553
29.1,29.9,29.5,0.3,37.0,0,0.33869487876106064,0.3389911520672302,-0.8696576178448379,1.5476399219792982
29.3,30.2,29.75,0.24,36.8,0,0.38572877672268807,0.3860250500288576,-0.8226237198832105,1.5946738199409256
29.1,29.5,29.3,0.5,41.0,1,0.280674595220081,0.28097086852625053,-0.9276779013858175,1.4896196384383185
29.4,29.9,29.65,0.42,39.0,0,0.3485224021913884,0.34881867549755796,-0.8598300944145101,1.557467445409626
29.8,30.2,30.0,0.4,38.6,1,0.4453039012789055,0.44560017458507506,-0.763048595326993,1.654248944497143
28.6,27.9,28.25,0.3,37.0,0,0.21265137020971775,0.2129476435158873,-0.9957011263961808,1.4215964134279553
29.1,29.9,29.5,0.3,37.0,0,0.313410751185863,0.3137070244920325,-0.8949417454200355,1.5223557944041006
29.3,30.2,29.75,0.24,36.8,0,0.38660085971208547,0.386897133018255,-0.821751636893813,1.595545902930323
29.1,29.5,29.3,0.5,41.0,0,0.3289873159908009,0.32928358929697044,-0.8793651806150976,1.5379323592090386
29.4,29.9,29.65,0.42,39.0,1,0.3778370808439485,0.37813335415011806,-0.83051541576195,1.5867821240621862
29.8,30.2,30.0,0.4,38.6,0,0.4162767615748677,0.41657303488103725,-0.7920757350310308,1.6252218047931053
28.6,27.9,28.25,0.3,37.0,0,0.2454507005650473,0.24574697387121686,-0.9629017960408512,1.4543957437832848
29.1,29.9,29.5,0.3,37.0,1,0.28272791402343717,0.2830241873296067,-0.9256245825824614,1.4916729572416747
29.3,30.2,29.75,0.24,36.8,0,0.3560699947200736,0.35636626802624316,-0.8522825018858249,1.5650150379383112
29.1,29.5,29.3,0.5,41.0,0,0.29252549574347486,0.2928217690496444,-0.9158270008624236,1.5014705389617125
29.4,29.9,29.65,0.42,39.0,1,0.35011270031702435,0.3504089736231939,-0.8582397962888741,1.559057743535262
29.8,30.2,30.0,0.4,38.6,1,0.40086895545342255,0.4011652287595921,-0.8074835411524759,1.6098139986716602
28.6,27.9,28.25,0.3,37.0,0,0.17847749388848633,0.17877376719465587,-1.0298750027174122,1.387422537106724
29.1,29.9,29.5,0.3,37.0,1,0.31266305320153737,0.3129593265077069,-0.8956894434043612,1.521608096419775
29.3,30.2,29.75,0.24,36.8,0,0.38572877672268807,0.3860250500288576,-0.8226237198832105,1.5946738199409256
29.1,29.5,29.3,0.5,41.0,0,0.2620598020515453,0.2623560753577148,-0.9462926945543533,1.4710048452697828
29.4,29.9,29.65,0.42,39.0,0,0.3965266593850322,0.3968229326912017,-0.8118258372208663,1.6054717026032699
29.8,30.2,30.0,0.4,38.6,1,0.40107514481465667,0.4013714181208262,-0.8072773517912418,1.6100201880328942
28.6,27.9,28.25,0.3,37.0,0,0.20195074676472163,0.20224702007089118,-1.0064017498411768,1.4108957899829593
29.1,29.9,29.5,0.3,37.0,0,0.3897817459806979,0.3900780192868675,-0.8185707506252006,1.5987267891989356
29.3,30.2,29.75,0.24,36.8,0,0.3541462646508648,0.35444253795703434,-0.8542062319550336,1.5630913078691024
29.1,29.5,29.3,0.5,41.0,1,0.27928516982210894,0.2795814431282785,-0.9290673267837896,1.4882302130403464
29.4,29.9,29.65,0.42,39.0,0,0.4169787959063793,0.41727506921254887,-0.7913737006995192,1.625923839124617
29.8,30.2,30.0,0.4,38.6,0,0.5055527398077071,0.5058490131138766,-0.7027997567981914,1.7144977830259447
28.6,27.9,28.25,0.3,37.0,1,0.2569499474463883,0.2572462207525579,-0.9514025491595102,1.465894990664626
29.1,29.9,29.5,0.3,37.0,0,0.3132557815764456,0.31355205488261517,-0.8950967150294529,1.5222008247946832
29.3,30.2,29.75,0.24,36.8,0,0.3560699947200736,0.35636626802624316,-0.8522825018858249,1.5650150379383112
29.3,30.2,28.25,0.24,36.8,1,0.3147388566599437,0.31503512996611327,-0.8936136399459548,1.5236838998781814
31.2,32.2,32.35,0.5,28.0,0,0.6237710196052599,0.6240672929114295,-0.5845814770006386,1.8327160628234975
31.28,32.8,32.04,0.3,30.0,1,0.4195606536944259,0.41985692700059546,-0.7887918429114726,1.6285056969126634
32.0,33.5,32.75,0.4,27.0,1,0.8521774708868342,0.8524737441930037,-0.35617502571906434,2.0611225141050715
32.2,32.9,32.55,0.7,26.0,2,1.0598777885574484,1.060174061863618,-0.1484747080484501,2.2688228317756858
32.8,33.6,33.2,0.6,27.0,0,0.6230181764942294,0.623314449800399,-0.5853343201116691,1.831963219712467
32.75,34.2,33.475,0.45,26.5,0,0.8940250567651772,0.8943213300713467,-0.3143274398407213,2.102970099983415
31.2,31.8,32.35,0.5,28.0,0,0.5629240842560268,0.5632203575621963,-0.6454284123498717,1.7718691274742644
31.28,32.8,32.04,0.3,30.0,0,0.4198041025021407,0.4201003758083102,-0.7885483941037579,1.6287491457203782
32.0,33.5,32.75,0.4,27.0,1,0.8060581024601582,0.8063543757663277,-0.4022943941457403,2.0150031456783957
32.2,32.9,32.55,0.7,26.0,2,1.2870334667716603,1.2873297400778299,0.07868097016576181,2.495978509989898
32.8,33.6,33.2,0.6,27.0,0,0.636371501555217,0.6366677748613866,-0.5719809950506815,1.8453165447734547
32.75,34.2,33.475,0.45,26.5,2,0.8940250567651772,0.8943213300713467,-0.3143274398407213,2.102970099983415
31.2,31.8,32.35,0.5,28.0,0,0.57187342671954,0.5721697000257095,-0.6364790698863585,1.7808184699377776
31.28,32.8,32.04,0.3,30.0,1,0.5559320702241051,0.5562283435302746,-0.6524204263817934,1.7648771134423427
32.0,33.5,32.75,0.4,27.0,1,0.7920266677812411,0.7923229410874106,-0.4163258288246574,2.0009717109994787
32.2,32.9,32.55,0.7,26.0,2,0.9831050507385035,0.9834013240446731,-0.22524744586739498,2.192050093956741
32.8,33.6,33.2,0.6,27.0,0,0.6501500023506276,0.6504462756567971,-0.5582024942552709,1.859095045568865
32.75,34.2,33.475,0.45,26.5,2,0.7326235633295705,0.73291983663574,-0.47572893327632804,1.9415686065478082
31.2,31.8,32.35,0.5,28.0,0,0.5623439935092417,0.5626402668154112,-0.6460085030966568,1.7712890367274792
31.28,32.8,32.04,0.3,30.0,0,0.5578014207874313,0.5580976940936009,-0.6505510758184672,1.766746464005669
32.0,33.5,32.75,0.4,27.0,0,0.8795218153537235,0.8798180886598931,-0.32883068125217496,2.088466858571961
32.2,32.9,32.55,0.7,26.0,2,1.0994632537688642,1.0997595270750338,-0.10888924283703427,2.3084082969871016
32.8,33.6,33.2,0.6,27.0,1,0.6337504527329811,0.6340467260391507,-0.5746020438729174,1.8426954959512187
32.75,34.2,33.475,0.45,26.5,2,0.7641740545079525,0.764470327814122,-0.444178442097946,1.97311909772619
31.2,31.8,32.35,0.5,28.0,2,0.5684934111560583,0.5687896844622279,-0.6398590854498402,1.777438454374296
31.28,32.8,32.04,0.3,30.0,0,0.4340558315171914,0.43435210482336095,-0.7742966650887071,1.643000874735429
32.0,33.5,32.75,0.4,27.0,2,0.8514024426978992,0.8516987160040688,-0.3569500539079993,2.060347485916137
32.2,32.9,32.55,0.7,26.0,0,1.2870334667716603,1.2873297400778299,0.07868097016576181,2.495978509989898
32.8,33.6,33.2,0.6,27.0,0,0.8402392845846551,0.8405355578908247,-0.36811321202124336,2.0491843278028927
32.75,34.2,33.475,0.45,26.5,2,0.7707442148410677,0.7710404881472372,-0.4376082817648308,1.9796892580593053
31.2,31.8,32.35,0.5,28.0,0,0.7769288374464676,0.7772251107526371,-0.43142365915943093,1.9858738806647052
31.28,32.8,32.04,0.3,30.0,0,0.5578014207874313,0.5580976940936009,-0.6505510758184672,1.766746464005669
32.0,33.5,32.75,0.4,27.0,1,0.6809367825591953,0.6812330558653649,-0.5274157140467032,1.889881825777433
32.2,32.9,32.55,0.7,26.0,2,1.1466346936280778,1.1469309669342473,-0.0617178029778207,2.355579736846315
32.8,33.6,33.2,0.6,27.0,1,0.6711429022193348,0.6714391755255044,-0.5372095943865637,1.8800879454375723
32.75,34.2,33.475,0.45,26.5,0,0.942651766300862,0.9429480396070316,-0.2657007303050365,2.1515968095190994
31.2,31.8,32.35,0.5,28.0,2,0.575842578439487,0.5761388517456566,-0.6325099181664114,1.7847876216577245
31.28,32.8,32.04,0.3,30.0,0,0.5460616647266726,0.5463579380328422,-0.6622908318792259,1.75500670794491
32.0,33.5,32.75,0.4,27.0,2,0.6899783685448524,0.6902746418510219,-0.5183741280610461,1.89892341176309
32.2,32.9,32.55,0.7,26.0,0,1.3373628263433401,1.3376590996495097,0.12901032973744164,2.546307869561578
32.8,33.6,33.2,0.6,27.0,0,0.8366670148982379,0.8369632882044075,-0.3716854817076606,2.0456120581164754
32.75,34.2,33.475,0.45,26.5,0,0.7589722587475383,0.7592685320537078,-0.44938023785836023,1.9679173019657759
31.2,31.8,32.35,0.5,28.0,0,0.7948261650007475,0.7951224383069171,-0.41352633160515095,2.003771208218985
31.28,32.8,32.04,0.3,30.0,0,0.42393530577313226,0.4242315790793018,-0.7844171908327662,1.63288034899137
32.0,33.5,32.75,0.4,27.0,0,0.8500329447437092,0.8503292180498787,-0.35831955186218933,2.0589779879619465
32.2,32.9,32.55,0.7,26.0,2,0.9831050507385035,0.9834013240446731,-0.22524744586739498,2.192050093956741
32.8,33.6,33.2,0.6,27.0,2,0.5950905533909534,0.595386826697123,-0.6132619432149451,1.804035596609191
32.75,34.2,33.475,0.45,26.5,0,0.9259927094067075,0.9262889827128771,-0.28235978719919097,2.1349377526249453
31.2,31.8,32.35,0.5,28.0,2,0.595248032782107,0.5955443060882766,-0.6131044638237915,1.8041930760003446
31.28,32.8,32.04,0.3,30.0,0,0.5829602642432571,0.5832565375494266,-0.6253922323626414,1.7919053074614948
32.0,33.5,32.75,0.4,27.0,1,0.7980521582356626,0.7983484315418321,-0.41030033837023594,2.0069972014539
32.2,32.9,32.55,0.7,26.0,0,1.3502985570603883,1.3505948303665578,0.14194606045448976,2.559243600278626
32.8,33.6,33.2,0.6,27.0,0,0.846043928290521,0.8463402015966905,-0.3623085683153775,2.0549889715087586
32.75,34.2,33.475,0.45,26.5,0,0.942651766300862,0.9429480396070316,-0.2657007303050365,2.1515968095190994
31.2,31.8,32.35,0.5,28.0,0,0.7697578535097607,0.7700541268159302,-0.4385946430961378,1.9787028967279983
31.28,32.8,32.04,0.3,30.0,0,0.44739604534737376,0.4476923186535433,-0.7609564512585247,1.6563410885656114
32.0,33.5,32.75,0.4,27.0,0,0.7920266677812411,0.7923229410874106,-0.4163258288246574,2.0009717109994787
32.2,32.9,32.55,0.7,26.0,2,1.2870334667716603,1.2873297400778299,0.07868097016576181,2.495978509989898
32.8,33.6,33.2,0.6,27.0,0,0.6501500023506276,0.6504462756567971,-0.5582024942552709,1.859095045568865
32.75,34.2,33.475,0.45,26.5,2,0.9739719228236476,0.9742681961298172,-0.23438057378225086,2.1829169660418852
31.2,31.8,32.35,0.5,28.0,0,0.6846140464646231,0.6849103197707926,-0.5237384501412754,1.8935590896828607
31.28,32.8,32.04,0.3,30.0,0,0.4863689601393602,0.48666523344552975,-0.7219835364665383,1.6953140033575977
32.0,33.5,32.75,0.4,27.0,0,0.8334954146525176,0.8337916879586872,-0.37485708195338086,2.042440457870755
32.2,32.9,32.55,0.7,26.0,2,1.3373628263433401,1.3376590996495097,0.12901032973744164,2.546307869561578
32.8,33.6,33.2,0.6,27.0,0,0.8402392845846551,0.8405355578908247,-0.36811321202124336,2.0491843278028927
32.75,34.2,33.475,0.45,26.5,0,0.9474676963289788,0.9477639696351483,-0.26088480027691974,2.1564127395472164
28.58,29.3,28.939999999999998,0.8,45.0,0,0.2990511363410299,0.29934740964719947,-0.9093013602648685,1.5079961795592676
28.4,29.1,28.75,0.82,46.0,0,0.3294679009038868,0.3297641742100563,-0.8788845957020117,1.5384129441221244
29.1,29.4,29.25,0.7,47.0,0,0.3132716873353901,0.3135679606415597,-0.8950808092705084,1.5222167305536276
29.07,30.2,29.634999999999998,0.3,49.0,0,0.2614258852558772,0.2617221585620467,-0.9469266113500213,1.4703709284741149
29.15,30.4,30.275,0.5,45.0,1,0.3929095924073819,0.39320586571355143,-0.8154429041985166,1.6018546356256196
29.85,31.84,30.845,0.45,45.0,0,0.5139703360858504,0.51426660939202,-0.6943821605200481,1.7229153793040881
28.58,29.3,28.939999999999998,0.8,45.0,1,0.25183901201325193,0.2521352853194215,-0.9565134845926466,1.4607840552314895
28.4,29.1,28.75,0.82,46.0,0,0.34400335272787297,0.3442996260340425,-0.8643491438780255,1.5529483959461106
29.1,29.4,29.25,0.7,47.0,0,0.3588491466736294,0.35914541997979893,-0.8495033499322691,1.567794189891867
29.07,30.2,29.634999999999998,0.3,49.0,1,0.33506091372818103,0.3353571870343506,-0.8732915828777175,1.5440059569464186
29.15,30.4,30.275,0.5,45.0,0,0.38229567426076233,0.3825919475669319,-0.8260568223451361,1.591240717479
29.85,31.84,30.845,0.45,45.0,0,0.5874870699313474,0.5877833432375169,-0.6208654266745511,1.796432113149585
28.58,29.3,28.939999999999998,0.8,45.0,1,0.3502158536251164,0.35051212693128597,-0.8581366429807821,1.5591608968433541
28.4,29.1,28.75,0.82,46.0,0,0.3074943990580813,0.30779067236425084,-0.9008580975478172,1.5164394422763188
29.1,29.4,29.25,0.7,47.0,0,0.3714581197916016,0.37175439309777114,-0.8368943768142969,1.5804031630098392
29.07,30.2,29.634999999999998,0.3,49.0,0,0.2854640408998344,0.28576031420600395,-0.9228884557060641,1.494409084118072
29.15,30.4,30.275,0.5,45.0,1,0.31134077556604517,0.3116370488722147,-0.8970117210398534,1.5202858187842827
29.85,31.84,30.845,0.45,45.0,2,0.4478608416907278,0.44815711499689737,-0.7604916549151707,1.6568058849089655
28.58,29.3,28.939999999999998,0.8,45.0,0,0.3460739782195794,0.34637025152574896,-0.8622785183863191,1.555019021437817
28.4,29.1,28.75,0.82,46.0,0,0.35537644726377937,0.3556727205699489,-0.8529760493421191,1.5643214904820169
29.1,29.4,29.25,0.7,47.0,1,0.28862598041229665,0.2889222537184662,-0.9197265161936019,1.4975710236305342
29.07,30.2,29.634999999999998,0.3,49.0,0,0.3258201483499296,0.32611642165609916,-0.8825323482559688,1.5347651915681673
29.15,30.4,30.275,0.5,45.0,0,0.4324756695395924,0.4327719428457619,-0.7758768270663061,1.64142071275783
29.85,31.84,30.845,0.45,45.0,0,0.5298553669668219,0.5301516402729914,-0.6784971296390766,1.7388004101850596
28.58,29.3,28.939999999999998,0.8,45.0,0,0.3548104442983602,0.3551067176045297,-0.8535420523075383,1.5637554875165978
28.4,29.1,28.75,0.82,46.0,1,0.28053812500373415,0.2808343983099037,-0.9278143716021643,1.4894831682219718
29.1,29.4,29.25,0.7,47.0,1,0.39664085301127516,0.3969371263174447,-0.8117116435946233,1.6055858962295129
29.07,30.2,29.634999999999998,0.3,49.0,0,0.29287344377405883,0.2931697170802284,-0.9154790528318397,1.5018184869922964
29.15,30.4,30.275,0.5,45.0,0,0.336176305018273,0.33647257832444255,-0.8721761915876255,1.5451213482365107
29.85,31.84,30.845,0.45,45.0,2,0.5298553669668219,0.5301516402729914,-0.6784971296390766,1.7388004101850596
28.4,29.84,30.119999999999997,0.8,46.0,0,0.3685241920220284,0.36882046532819796,-0.8398283045838701,1.577469235240266
28.5,29.2,28.85,0.37,37.0,0,0.19918936665399944,0.199485639960169,-1.009163129951899,1.408134409872237
28.4,29.4,28.9,0.9,36.0,0,0.3703136674726602,0.37060994077882975,-0.8380388291332383,1.5792587106908977
28.8,29.7,29.25,0.7,38.0,0,0.3899187360282417,0.3902150093344112,-0.8184337605776568,1.5988637792464793
28.7,30.1,29.4,0.6,39.0,0,0.3538371450525921,0.35413341835876166,-0.8545153515533064,1.5627821882708297
34.2,35.4,35.3,0.56,34.0,0,0.9253805888109781,0.9256768621171476,-0.28297190779492043,2.1343256320292157
34.2,35.4,35.8,0.3,33.8,2,0.7732650847103623,0.7735613580165318,-0.43508741189553624,1.9822101279286
34.6,36.5,35.55,0.4,36.0,1,0.6810606785533146,0.6813569518594842,-0.5272918180525838,1.8900057217715522
34.8,35.8,35.3,0.5,35.2,0,0.9018773923341441,0.9021736656403136,-0.3064751042717544,2.1108224355523815
35.2,35.9,35.55,0.6,34.0,1,0.5403053465004652,0.5406016198066348,-0.6680471501054333,1.7492503897187028
35.0,36.4,35.7,0.41,34.2,0,0.9085450584764205,0.9088413317825901,-0.29980743812947797,2.117490101694658
35.4,37.0,36.2,0.38,33.8,0,1.1306956535373303,1.1309919268434998,-0.07765684306856824,2.339640696755568
